mal_id,image_url,title,synopsis,is_franchise,year,score,source_LN,source_Manga,source_Original,source_Other,source_VN,genre_Action,genre_Adventure,genre_Comedy,genre_Drama,genre_Fantasy,genre_Gourmet,genre_Horror,genre_Mystery,genre_Romance,genre_Sci-Fi,genre_Sports,genre_Supernatural,genre_Suspense,demo_Shounen,demo_Seinen,demo_Shoujo,demo_Josei,demo_Kids,season_spring,season_summer,season_winter,studio_rep_quality,producer_rep_quality,studio_rep_hype,studio_experience,episodes_log
60543,https://myanimelist.net/images/anime/1721/149001.webp,Dandadan 2nd Season,"While the mission to exorcise Jin ""Jiji"" Enjouji's family home is underway, things are not going as expected. Momo Ayase narrowly evades an attempted abduction while Ken ""Okarun"" Takakura and Jiji are ambushed by the Kitou family—the unsettling landlords of the cursed estate. The trio's efforts threaten the foundation of this enigmatic town shrouded in legends and mysteries.

As Momo, Okarun, and Jiji are drawn deeper into the maze of folklore and supernatural entities, they must each utilize their unique powers if they want to survive and unravel the secrets of the uncanny town.

[Written by MAL Rewrite]",1,2025,8.41,0,1,0,0,0,1,0,1,0,0,0,0,0,0,0,0,1,0,1,0,0,0,0,0,0,0,7.312,7.331225282218269,12.576794468494072,5.0,2.5649493574615367
59062,https://myanimelist.net/images/anime/1682/150432.webp,Gachiakuta,"The inhabitants of a certain wealthy town think nothing of throwing objects away. However, their waste is priceless to Rudo, a resident of the town's slums. Despite the constant warnings from his adoptive father Regto, Rudo spends his days searching for reusable materials that would otherwise be sent to the giant disposal area known as the Pit. Due to its vastness, the Pit doubles as a means of criminal punishment; those dropped in are never to return again.

When Regto is murdered by a mysterious assailant, Rudo is falsely accused of the crime and thrown into the Pit. To his surprise, he awakens in a trash-filled area inhabited by enormous monsters formed from the junk. As the toxic air and Trash Beasts push Rudo to the brink of death, he is saved by Enjin, one of the Cleaners who wield weapons known as Vital Instruments to fight the monstrosities. Having gained his own Vital Instrument, Rudo soon joins the Cleaners in the hopes of finding a way to escape the Pit and avenge his father.

[Written by MAL Rewrite]",0,2025,8.22,0,1,0,0,0,1,0,0,0,1,0,0,0,0,0,0,0,0,1,0,0,0,0,0,0,0,7.58,7.208747357267437,12.059774387912876,1.0,3.2188758248682006
53065,https://myanimelist.net/images/anime/1024/150787.webp,Sono Bisque Doll wa Koi wo Suru Season 2,"After Marin Kitagawa introduced Wakana Gojou to the world of cosplay, he has been creating her outfits with ease. Even so, he still has a lot to learn, and every new lesson seems to strengthen his love for sewing and for the hina dolls his grandfather taught him to make.

Meanwhile, Kitagawa finds it harder and harder to hide her feelings for Gojou. Friends and strangers alike constantly mistake them for a couple, much to Gojou's embarrassment. After all, in his eyes, their worlds are far too different for anyone to think they could be romantically linked. However, as Gojou spends more time with Kitagawa and realizes that his passions are not ridiculed by other people, a relationship between the two no longer seems so far-fetched.

[Written by MAL Rewrite]",1,2025,8.18,0,1,0,0,0,0,0,0,0,0,0,0,0,1,0,0,0,0,0,1,0,0,0,0,0,0,7.56875,7.140607021844178,13.323913050089157,32.0,2.5649493574615367
59845,https://myanimelist.net/images/anime/1744/150433.webp,Kaoru Hana wa Rin to Saku,"The all-girls Kikyo Private Academy and Chidori Public High School are polar opposites. With its prestigious history, Kikyo is attended by noble young ladies from distinguished families, while Chidori is infamously full of simple-minded delinquents. It is no surprise that their students clash with their differences.

Having a tall stature and fierce appearance, Chidori student Rintarou Tsumugi is often avoided by others despite his gentle heart. One day, while helping out at his family's patisserie, he meets a customer who, after a brief moment, runs away from him. The next day, the customer returns to apologize to Rintarou, introducing herself as the cheerful Kaoruko Waguri.

After spending time with Kaoruko, Rintarou appreciates that she does not judge him based on his appearance and looks forward to when they will meet again. However, when Rintarou discovers Kaoruko attends Kikyo, their relationship will challenge the social expectations and dynamics around them.

[Written by MAL Rewrite]",0,2025,8.52,0,1,0,0,0,0,0,0,1,0,0,0,0,1,0,0,0,0,0,0,0,0,0,0,0,0,7.56875,7.158720003601972,13.323913050089157,32.0,2.6390573296152584
59177,https://myanimelist.net/images/anime/1177/150344.webp,Kaijuu 8-gou 2nd Season,"Following the massive operation that led to the confinement of recent recruit Kafka Hibino, otherwise known as Kaijuu No. 8, the Defense Force has been puzzled by how to deal with him. Kafka is the first kaijuu to side with humans, and after careful consideration, he is eventually transferred to the Defense Force's First Division in the hope of adding his power to the strongest division, capable of handling any threat. However, some people are still doubtful about Kafka, and he must prove his worth in the next mission.

Kafka and the First Division are soon dispatched when a massive horde of ant-like kaijuu begins wreaking havoc. Thanks to the combined strength of Kafka's friend Kikoru Shinomiya and their captain, Gen Narumi, the mission seems to progress as it should. However, when Kafka fails to transform into his kaijuu form, the dreadful Kaijuu No. 9 joins the battle with only one goal—to eliminate him and steal his power. Although the situation is looking grim, Kafka must overcome his most difficult trial yet with the others if he wants to keep pursuing his dream: fighting side by side with his childhood friend and Third Division captain, Mina Ashiro.

[Written by MAL Rewrite]",1,2025,7.79,0,1,0,0,0,1,0,0,0,1,0,0,0,0,1,0,0,0,1,0,0,0,0,0,0,0,7.440526315789474,7.372342735940015,12.632855744059542,19.0,2.4849066497880004
58913,https://myanimelist.net/images/anime/1104/148614.webp,Hikaru ga Shinda Natsu,"It has been six months since Yoshiki Tsujinaka's best friend, Hikaru Indou, went missing in the mountains and returned a week later with no recollection of what had transpired. Certain that it is not the Hikaru he knows who came back, Yoshiki finally asks Hikaru about it. Suddenly, ""Hikaru"" reveals his true monstrous form and begs Yoshiki to keep it a secret, as he does not want to kill him.

Despite his paranormal nature, ""Hikaru"" seems almost innocent, full of childlike wonder and eager to experience the summer heat, the countryside, and all kinds of other things in a human body for the first time. And for Yoshiki, it matters little if ""Hikaru"" is a fake relying on stolen memories—as long as he never leaves again. As Yoshiki desperately clings to ""Hikaru"" in his intense grief, it becomes increasingly clear that something dangerous and supernatural may have descended from the mountains into their village.

[Written by MAL Rewrite]",0,2025,8.02,0,1,0,0,0,0,0,0,0,0,0,1,1,0,0,0,1,0,0,0,0,0,0,0,0,0,7.631428571428572,7.158790208050656,11.681072029582877,7.0,2.5649493574615367
60285,https://myanimelist.net/images/anime/1758/148719.webp,Sakamoto Days Part 2,"The legendary former hitman Tarou Sakamoto has thwarted numerous assassins after an enormous bounty on his head was issued. But he cannot seem to catch a break and simply take it easy with his beloved family. A mysterious and infamous figure known as Slur has brought a group of insane death row inmates to Japan, who hold back from nothing to eliminate their targets.

Sakamoto is not the only target—the criminals have been assigned to kill various other people, including the new hires at Sakamoto's convenience store, Shin Asakura and Lu Shaotang. The situation escalates even further when the Order, a group of the most skilled Japanese assassins, becomes involved. As the inmates begin wreaking havoc, Sakamoto and his allies must remain vigilant for the sake of everything they hold dear.

[Written by MAL Rewrite]",1,2025,7.91,0,1,0,0,0,1,0,1,0,0,0,0,0,0,0,0,0,0,1,0,0,0,0,0,0,0,7.158125,7.29009382566586,12.722620895044185,32.0,2.4849066497880004
58390,https://myanimelist.net/images/anime/1509/148453.webp,Yofukashi no Uta Season 2,"A human may become a vampire only if they fall in love with one—and 14-year-old Kou Yamori wishes for nothing more. Kou has decided to fall in love with a vampire named Nazuna Nanakusa, and he has only 10 months of nightly rendezvous left to realize his goal.

Kou's friends, Mahiru Seki and Akira Asai, are slowly coming to terms with the existence of vampires and Kou's decision to become one. As Kou realizes that a woman close to Mahiru is a vampire, he is unsure whether to support this relationship.

Meanwhile, Anko Uguisu, the human detective bent on killing vampires, closes in on Nazuna and her coven. When an encounter leaves one of the vampires seriously injured, they learn that their human memories hold the key to a weakness that can be their demise—and to protect Nazuna, Kou must find out about her past.

[Written by MAL Rewrite]",1,2025,8.34,0,1,0,0,0,0,0,0,0,0,0,0,0,1,0,0,1,0,1,0,0,0,0,0,0,0,6.716875000000001,7.1881893126875385,11.928943582570328,48.0,2.5649493574615367
61322,https://myanimelist.net/images/anime/1785/151710.webp,Dr. Stone: Science Future Part 2,"After a strategic maneuver, Senkuu Ishigami's team stalls Dr. Xeno's more scientifically advanced forces. A ceasefire between the two factions allows for the establishment of Corn City in North America, a hope for a future thriving population. Meanwhile, Senkuu and some of his teammates rush toward the Amazon in South America—the epicenter of the petrification beam's impact—to create Superalloy City and progress their spaceship project.

With dangerous enemies still pursuing Senkuu and his companions, it is a race against time to reach the heart of the dense Amazon. As unexpected allies and scientific creations further fuel this leg of their journey, Senkuu is closer than ever to finally uncovering the mystery behind the petrification phenomenon.

[Written by MAL Rewrite]",1,2025,8.52,0,1,0,0,0,0,1,1,0,0,0,0,0,0,0,0,0,0,1,0,0,0,0,0,0,0,7.158125,7.630424473067915,12.722620895044185,32.0,2.5649493574615367
59459,https://myanimelist.net/images/anime/1669/149732.webp,Silent Witch: Chinmoku no Majo no Kakushigoto,"In the Kingdom of Ridill lives a genius magician known to be the first person to ever use chantless magic. With this amazing skill, Monica Everett joins the Seven Sages as a hero who can defeat powerful dragons, such as the legendary black dragon, all on her own. However, the truth is that the Silent Witch developed chantless magic due to being too shy—preferring to live on a mountain top, far from society.

Her secluded lifestyle changes, though, when a fellow sage tasks her to covertly defend the second prince, Felix Arc Ridill, from attempts on his life. Unfortunately, that means she will have to go undercover as a student at Serendia Academy. Between guard duty and her social anxiety, Monica is facing her most difficult mission to date.

[Written by MAL Rewrite]",0,2025,8.11,1,0,0,0,0,0,0,0,0,1,0,0,0,0,0,0,0,0,0,0,0,0,0,0,0,0,6.716923076923076,7.156934763990781,11.688896128234063,13.0,2.6390573296152584
57433,https://myanimelist.net/images/anime/1823/149858.webp,Seishun Buta Yarou wa Santa Claus no Yume wo Minai,"After surviving the entrance exams, Sakuta Azusagawa has finally enrolled in the same university as his girlfriend, Mai Sakurajima. He is gradually getting used to the unfamiliar environment as he attends student gatherings and makes new acquaintances. Everything seems to be going smoothly until Sakuta's friend and Sweet Bullet idol group member Uzuki Hirokawa begins acting out.

With fellow Sweet Bullet member Nodoka Toyohama pleading for his help, Sakuta realizes that he has stumbled upon another case of the inexplicable Puberty Syndrome—Uzuki is feeling pressured by the sudden surge of popularity and rumors of a potential solo career. While Sakuta searches for a solution, another occurrence of Puberty Syndrome gradually emerges from the shadows.

[Written by MAL Rewrite]",1,2025,8.17,1,0,0,0,0,0,0,0,1,0,0,0,0,1,0,0,1,0,0,0,0,0,0,0,0,0,7.56875,7.117016970543074,13.323913050089157,32.0,2.6390573296152584
59986,https://myanimelist.net/images/anime/1108/150583.webp,Grand Blue Season 2,"Three months have passed since Iori Kitahara began living above Grand Blue, his uncle's scuba diving shop, and joined his university's Diving Club. Alongside the other members, he has spent his days drinking and recklessly having fun. However, when Iori's sister, Shiori, hears about his behavior, she decides to take matters into her own hands—and bring him back home to make him take over their family's inn.

Despite her best efforts, Shiori temporarily gives up as she sees how Iori has grown attached to Grand Blue and his friends. As Iori and the rest of the Diving Club continue to party like there is no tomorrow, they end up in all kinds of bizarrely amusing situations, still somehow managing to hone their scuba diving skills!

[Written by MAL Rewrite]",1,2025,8.5,0,1,0,0,0,0,0,1,0,0,0,0,0,0,0,0,0,0,0,1,0,0,0,0,0,0,7.115921052631579,7.070825776222762,12.121038355876909,10.5,2.5649493574615367
60732,https://myanimelist.net/images/anime/1383/151072.webp,Mizu Zokusei no Mahoutsukai,"After getting caught up in an accident, Ryou Mihara is reincarnated in the world of Phi as a water magician. Waking up in a remote forest, he sets out to achieve his ideal slow life by living off monsters and refining his magic. Unbeknownst to Ryou, in his second life he has gained the hidden trait ""Eternal Youth.""

One day, Ryou stumbles across a shipwrecked adventurer named Abel. As Abel requests Ryou to accompany him to the town of Lune, they embark on a journey through mountains infested with monsters. Upon arriving at the town and registering as an adventurer, Ryou's powerful water magic and equipment are unlike anything anyone has ever seen before. Although his prowess piques the interest of many, Ryou is eager to begin his own adventure and hone his magic even further!

[Written by MAL Rewrite]",0,2025,7.06,1,0,0,0,0,0,1,0,0,1,0,0,0,0,0,0,0,0,0,0,0,0,0,0,0,0,6.624,6.976356443121041,11.39345475599404,5.0,2.5649493574615367
59205,https://myanimelist.net/images/anime/1255/150593.webp,Clevatess: Majuu no Ou to Akago to Shikabane no Yuusha,"Surrounded by four armies of dark beasts, five humanoid races strive to push the known boundaries of the world. Unfortunately, the 13 heroes dispatched to the southern region are easily wiped out by Clevatess, one of the Lords of Dark Beasts. Determined to get revenge against humanity, Clevatess bursts into the capital of the Kingdom of Hiden, leaving a trail of death and destruction behind him.

Although the situation looks desperate, humanity still has a chance to appease Clevatess' anger. Alicia Glenfall, one of the 13 heroes, is revived by Clevatess to help him raise a newborn infant, Luna, whose choices shall shape the fate of the human world. Although reluctant to help the dark beast at first, Alicia understands that Luna is the only thing that stands between humanity and complete annihilation. 

Hiding himself by taking on a human form, Clevatess sets out in search for a wet nurse with Alicia and Luna. With Clevatess unwilling to reveal his identity, it falls on Alicia to slay all enemies that stand in their way. Meanwhile, the neighboring countries prepare to advance on the weakened Hiden, aiming to control the only forge capable of producing the heroes' weapons.

[Written by MAL Rewrite]",0,2025,7.81,0,1,0,0,0,1,0,0,0,1,0,0,0,0,0,0,0,0,0,0,0,0,0,0,0,0,6.8342857142857145,7.078295274753118,11.960387648349327,7.0,2.5649493574615367
57907,https://myanimelist.net/images/anime/1638/150592.webp,Tate no Yuusha no Nariagari Season 4,"Aiming to protect Raphtalia from the assassins of Q'ten Lo, Naofumi Iwatani travels with his friends to the eastern isolationist kingdom. On his way, Naofumi stops over in Siltvelt, a kingdom built by a former shield hero, where he is revered as a god and is offered a chance to rule the country.

Naofumi is unwilling to accept the position, preferring to continue his journey before the next wave of monsters threatens to destroy the world. Nevertheless, he finds himself embroiled in local political feuds. After he escapes from an assassination attempt, Naofumi decides to confront the leaders of Siltvelt, and this time, he is determined to show that old grudges and petty ambitions are nothing compared to his resolve to save the world.

[Written by MAL Rewrite]",1,2025,6.9,1,0,0,0,0,1,1,0,1,1,0,0,0,0,0,0,0,0,0,0,0,0,0,0,0,0,7.070555555555555,6.983785155965661,12.41119297213865,18.0,2.5649493574615367
58811,https://myanimelist.net/images/anime/1474/150666.webp,Tougen Anki,"Long ago, demon-like creatures known as Oni butchered humans and brought on destruction solely for their own delight. A lone man named Momotarou opposed these gruesome, near-invincible monsters, but the war against them was just beginning.

Thousands of years in the future, temperamental gun enthusiast Shiki Ichinose leads a carefree life. However, after his expulsion from school, everything changes. Shiki is suddenly attacked by a man and is rescued by his adoptive father, Tsuyoshi. As the two flee, Tsuyoshi reveals that Shiki is actually a descendant of the Oni, while both he and their pursuer are from the Momotarou lineage.

The two Momotarou soon clash in a fierce battle, and Tsuyoshi sacrifices himself to protect Shiki. Devastated, Shiki awakens to his Oni blood that grants him immense strength at the cost of going berserk. Although the enemy escapes, Naito Mudano, an Oni teacher at Rasetsu Academy, takes an interest in Shiki. Under Mudano's guidance, Shiki must learn to control the Oni blood—if he ever hopes to avenge his father.

[Written by MAL Rewrite]",0,2025,6.86,0,1,0,0,0,1,0,0,0,1,0,0,0,0,0,0,0,0,1,0,0,0,0,0,0,0,6.53,7.231943667587663,11.096733024221175,3.0,3.2188758248682006
59095,https://myanimelist.net/images/anime/1154/149614.webp,"Tensei shitara Dainana Ouji Datta node, Kimama ni Majutsu wo Kiwamemasu 2nd Season","Prince Lloyd de Saloum—once a commoner who could never grasp magic—is now blessed with inexhaustible mana and has all the time in the world to master it, as he has no claim to the throne. After mastering demonic magic, he sets his sights on the Church to learn the secrets of divine magic that will bring him one step closer to completing his arsenal. However, due to his fondness for unholy magic, he draws the scrutiny of divine beings who see him as little more than a demonic spawn.

[Written by MAL Rewrite]",1,2025,7.61,1,0,0,0,0,0,1,0,0,1,0,0,0,0,0,0,0,0,0,0,0,0,0,0,0,0,6.875,7.017645731698909,11.850086749857436,2.0,2.5649493574615367
59130,https://myanimelist.net/images/anime/1782/150383.webp,Isekai Mokushiroku Mynoghra: Hametsu no Bunmei de Hajimeru Sekai Seifuku,"Takuto Ira spent his short life confined to a hospital bed, with the civilization-building game Eternal Nations as his only form of entertainment. His favorite faction within the game—Mynoghra—was infamously complex to navigate and skewed toward evil; moreover, he insisted on playing at the highest difficulty.

After his untimely death, Takuto awakens in a world uncannily reminiscent of Eternal Nations. He is reincarnated as the King of Ruin, sovereign of Mynoghra itself. At his side stands Odei no Atou, the default hero unit of his chosen nation. Remembering every battle they fought together, she pledges unwavering loyalty to Takuto once more.

As Takuto begins to build Mynoghra from scratch in this new world, his early-game strategy remains unchanged: lie low, avoid war, and ensure survival at all costs—ironic for an evil ruler meant to conquer the world. When he offers refuge to persecuted Dark Elves fleeing destruction, a fledgling empire born of a darkness the world has yet to understand begins to take shape.

[Written by MAL Rewrite]",0,2025,6.62,1,0,0,0,0,0,1,0,0,1,0,0,0,0,0,0,0,0,0,0,0,0,0,0,0,0,6.854166666666667,7.025708450174143,12.079618057909261,12.0,2.6390573296152584
59207,https://myanimelist.net/images/anime/1949/150965.webp,"Mikadono Sanshimai wa Angai, Choroi.","The Mikadono sisters—Miwa, Niko, and Kazuki—stand at the pinnacle of Saika Academy as its Three Royals, renowned respectively as prodigies in shogi, karate, and theater. Unfortunately, they have drifted apart from each other due to their overwhelming dedication to their fields, effectively turning them into strangers living under the same roof.

Enter Yuu Ayase, the son of the late Subaru Ayase, a legendary actress who graduated from Saika. Unlike his mother, Yuu lacks any extraordinary talent whatsoever, much to the disappointment of those who knew her. Still, he transfers to her alma mater with one quiet promise in his heart: to fulfill her final wish that he build a true and happy family.

It just so happens that the Mikadono patriarch is also Subaru's longtime friend and benefactor, and he offers Yuu both a place to stay and a fresh start. Thrust into the lives of three estranged sisters who act cold toward him, Yuu may not be a genius himself, but the clumsy sincerity he brings might be what they all need to start anew.

[Written by MAL Rewrite]",0,2025,7.63,0,1,0,0,0,0,0,1,0,0,0,0,0,1,0,0,0,0,1,0,0,0,0,0,0,0,7.227777777777778,7.173080059695994,12.072096074463351,18.0,2.5649493574615367
60326,https://myanimelist.net/images/anime/1887/150496.webp,"Watashi ga Koibito ni Nareru Wake Nai jan, Muri Muri! (※Muri ja Nakatta!?)","Seeing everyone else enjoying their youth, socially anxious Renako Amaori is dead set on becoming an extroverted girl. Despite her reclusive past, she changes her appearance, practices conversation, and enrolls in a high school free of anyone that would know her. While she is quickly able to befriend the famous model Mai Ouzuka, after Renako joins her friend group, she realizes pretending to be a completely different person is no easy feat.

Soon, Renako and Mai have a heart-to-heart and share their troubles with each other. After the sincere discussion, Renako truly believes they could become best friends. The very next day, however, the unthinkable happens—Mai confesses her love to Renako! Although Renako is not interested in dating, Mai insists the two begin hanging out alternately as friends and a couple, while figuring out which type of relationship suits them better.

Determined to create a blissful friendship, Renako tries her best to convince the stubborn Mai. However, Renako herself might have a change of heart as Mai's advances continue to get bolder.

[Written by MAL Rewrite]",0,2025,7.71,1,0,0,0,0,0,0,1,0,0,0,0,0,0,0,0,0,0,0,0,0,0,0,0,0,0,7.3325,7.204705336035123,12.620062150839416,4.0,2.5649493574615367
59277,https://myanimelist.net/images/anime/1071/150808.webp,"Kanojo, Okarishimasu 4th Season","After the success of his crowdfunded movie featuring the woman of his dreams, Chizuru Ichinose, university student Kazuya Kinoshita resumes his life of lies and deception. Although he pretends that he has been in an ideal relationship with Chizuru for more than a year, Kazuya still mostly sees her through a rental girlfriend company's services.

However, after Kazuya attends a private party with Chizuru, he reaches the decision to finally confess his feelings to her. Unfortunately for him, his trial girlfriend Ruka Sarashina and his ex-girlfriend Mami Nanami continue to complicate his already messy attempts at romance. While he is forced to keep up his facade, Kazuya is under pressure to find a solution to his ever chaotic love life.

[Written by MAL Rewrite]",1,2025,6.16,0,1,0,0,0,0,0,1,0,0,0,0,0,1,0,0,0,0,1,0,0,0,0,0,0,0,7.158125,7.105543184276956,12.722620895044185,32.0,2.5649493574615367
59424,https://myanimelist.net/images/anime/1072/149889.webp,"Yuusha Party wo Tsuihou sareta Shiromadoushi, S-Rank Boukensha ni Hirowareru: Kono Shiromadoushi ga Kikakugai Sugiru","As a white mage, Lloyd is constantly looked down on by the hero party's arrogant leader, Allen, who eventually expels him on a whim. Despite being the former student of a legendary mage, Lloyd wanders the city helplessly for days, unable to find a new party in need of a supporting member.

However, Lloyd's fate takes an unexpected turn when Yui, the leader of a S-rank group of adventurers, pleads with him to join her party on a mission dear to Yui's heart. Although Lloyd keeps downplaying his abilities, he eventually accepts Yui's aggressive offer. Warmly welcomed by his new allies, Lloyd may have just found the perfect place where his magical prowess will be rightfully valued.

[Written by MAL Rewrite]",0,2025,6.13,0,1,0,0,0,0,1,0,0,1,0,0,0,0,0,0,0,0,0,0,0,0,0,0,0,0,7.237777777777778,6.892271587567236,11.92065837005226,9.0,2.5649493574615367
59791,https://myanimelist.net/images/anime/1431/148742.webp,Ruri no Houseki,"While shopping, high school student Ruri Tanigawa is captivated by a crystal necklace. Due to its high price, she can only dream of owning one—until her mother tells her about a mountainous area where Ruri's grandfather used to discover numerous minerals. As she makes her way to the location in the hope of finding materials to make her own accessories, Ruri meets Nagi Arato, a graduate student, who gladly shows her the way.

Soon, Ruri is left smitten when they arrive at an enormous quartz formation. More motivated than ever, she convinces Nagi to teach her more about mineralogy. With each new discovery and Nagi's lessons deepening her love, Ruri learns that there is more to minerals than just their price.

[Written by MAL Rewrite]",0,2025,8.0,0,1,0,0,0,0,0,0,0,0,0,0,0,0,0,0,0,0,0,1,0,0,0,0,0,0,8.046666666666667,7.149054586231713,13.466141952846035,6.0,2.6390573296152584
59898,https://myanimelist.net/images/anime/1829/145678.webp,City The Animation,"Aimless daydreaming in high school is an ordinary part of growing up. But once graduation comes, suddenly there are bills to pay and a higher education to tackle. Even so, Midori Nagumo never quite stopped dreaming—even after entering college—as she still wants to have fun while ignoring her responsibilities. Contrasting Midori's recklessness is her supposed best friend Niikura, who is the complete opposite of Midori and has a goal of becoming a photographer after college.

However, Niikura is often pulled into Midori's schemes, which leads them to meet Wako Izumi, a tenacious, yet airheaded classmate who is always taking pictures of things she finds fun. The trio ends up living together in the same apartment and attempt to navigate their lives in the city of City, where unexpected and out-of-the-ordinary things occur daily.

[Written by MAL Rewrite]",0,2025,8.1,0,1,0,0,0,0,0,1,0,0,0,0,0,0,0,0,0,0,0,1,0,0,0,0,0,0,8.17,7.206305735565878,13.169227243006954,6.0,2.6390573296152584
52293,https://myanimelist.net/images/anime/1180/150596.webp,New Panty & Stocking with Garterbelt,"Panty and Stocking Anarchy, the angel twin sisters, have even more ghosts to exorcize in Daten City, thanks to the failed opening of the Hell Gate. They must continue their ghost hunt alongside their longtime rivals, the sisters Scanty and Kneesocks Demon, who must earn Hell Coins to return to Hell. On top of that, the Demon sisters are staying at the church with Garterbelt, the priest in charge of the Anarchy sisters. These two polar opposite duos will have to set aside their differences if they wish to collect enough Heaven and Hell Coins to complete their mission and return to their respective realms.

[Written by MAL Rewrite]",1,2025,7.9,0,0,1,0,0,1,0,1,0,1,0,0,0,0,0,0,0,0,0,0,0,0,0,0,0,0,7.542,7.2582983519900495,13.38895530806875,5.0,2.6390573296152584
53397,https://myanimelist.net/images/anime/1170/147753.webp,Tsuyokute New Saga,"Humanity and demonkind have been on bad terms for millennia, resulting in the continent of Leunders being split in two. Although the situation has stabilized between the races, the fragile peace breaks when the new demon king launches a fierce all-out attack. With all of the non-demon nations falling to the violence in under a year, humanity's hope rests in a special squad, led by swordsman Kyle Leonard, that must assassinate the demon king in order to bring an end to the war.

During the dangerous mission, Kyle ends up in a clash with the demon king that brings him to the brink of death. As Kyle realizes he has lost everything he wanted to protect, a mysterious gem transports him back in time before the conflict even started! Now with knowledge of future events and a strong desire to save his loved ones, Kyle sets out to become even stronger to prevent the extinction of humanity.

[Written by MAL Rewrite]",0,2025,6.57,1,0,0,0,0,0,1,0,0,1,0,0,0,0,0,0,0,0,0,0,0,0,0,0,0,0,6.917897135416666,6.932484758037998,12.255179069827948,0.0,2.5649493574615367
59402,https://myanimelist.net/images/anime/1551/150517.webp,Kakkou no Iinazuke Season 2,"A lot has happened for Nagi Umino and Erika Amano: they were swapped at birth, learned of their engagement, and have started living under the same roof. The two now share their home with Nagi's sister, Sachi, and his crush, Hiro Segawa. Despite this unusual domestic situation and frequent quarreling, the group is beginning to settle into a life together.

However, the return of Nagi's childhood friend Ai Mochizuki to Japan complicates things. Ai suddenly declares her intention to marry Nagi, and although he turns her down, she is committed to having him all to herself. Now with four girls around, each with their own thoughts about him, Nagi must figure out his own feelings and the best way forward.

[Written by MAL Rewrite]",1,2025,6.72,0,1,0,0,0,0,0,1,0,0,0,0,0,1,0,0,0,0,1,0,0,0,0,0,0,0,6.77375,6.891768151804066,12.400832154302377,8.0,2.5649493574615367
56693,https://myanimelist.net/images/anime/1502/150545.webp,Watari-kun no xx ga Houkai Sunzen,"The daily life of high school student Naoto Watari revolves around his little sister Suzushiro. As their parents passed away two years prior, the siblings have been passed from one relative to another, resulting in Naoto taking the most responsibility for her. Although things have not been easy for the two, Naoto is now content with living at their aunt's place.

This newfound peace is suddenly turned on its head when Satsuki Tachibana enrolls at Naoto's school. The two used to be good friends, but after Satsuki completely destroyed his family's garden, she disappeared from Naoto's life. Despite what happened, Satsuki seems to be making advances toward Naoto now that they have reconnected. Coupled with other people around him that harbor secrets, Naoto's desire for an idyllic life may be at jeopardy.

[Written by MAL Rewrite]",0,2025,6.71,0,1,0,0,0,0,0,1,1,0,0,0,0,1,0,0,0,0,0,1,0,0,0,0,0,0,6.415,6.980594711693685,12.155728900178211,4.0,3.295836866004329
60523,https://myanimelist.net/images/anime/1313/149355.webp,Tsuihousha Shokudou e Youkoso!,"Thrown out of the Silver Wings Battalion—one of the strongest guilds—Dennis is presented with the opportunity to fulfill his dream: opening a restaurant and putting his level 99 cooking skills to use. While setting up his new business, Dennis stumbles across a young enslaved girl named Atelier, seemingly of noble lineage. Reminded of his own past, he decides to free Atelier and hire her as a server.

As the restaurant opens its doors to first guests, Dennis and Atelier begin encountering more outcasts like themselves, all looking to talk about their personal problems over plates of delicious food. Unable to resist helping someone in need, Dennis goes out of his way to help with his customers' issues, whether it be with his incredible combat skills or unmatched cooking prowess.

[Written by MAL Rewrite]",0,2025,6.98,1,0,0,0,0,0,0,0,0,1,1,0,0,0,0,0,0,0,0,0,0,0,0,0,0,0,6.930833333333334,7.018519461685658,11.552953064041954,60.0,2.5649493574615367
59421,https://myanimelist.net/images/anime/1518/149900.webp,Zutaboro Reijou wa Ane no Moto Konyakusha ni Dekiai sareru,"The Shaderan family has fallen on hard times, and the avaricious and callous baron and baroness will stop at nothing to regain status. They favor their beautiful daughter Anastasia, hoping to marry her into wealth, while they treat the second daughter, Marie, no better than a servant. Years of abuse have convinced Marie that she is truly undeserving of love and attention.

On Marie's birthday—used as a ploy to showcase Anastasia—Marie meets Count Kyros Granado, who is immediately charmed by Marie and her knowledge of his culture. Believing Anastasia to be the one he fell for, Kyros proposes via letter. But Anastasia tragically dies on her way to marry him. Forced to take Anastasia's place, Marie becomes Kyros' fiancée, just as he originally intended. Although Marie terribly lacks confidence, Kyros gently helps her find her worth, awakening her to her own beauty and the true meaning of being loved.

[Written by MAL Rewrite]",0,2025,7.37,1,0,0,0,0,0,0,0,1,0,0,0,0,1,0,0,0,0,0,0,0,1,0,0,0,0,6.1,6.874255908465081,11.285535410008588,1.0,2.5649493574615367
56700,https://myanimelist.net/images/anime/1297/150516.webp,Jidou Hanbaiki ni Umarekawatta Ore wa Meikyuu wo Samayou 2nd Season,"Ever since a vending machine enthusiast was reincarnated as one named Boxxo, he has become a pivotal part of the village of Clearflow Lake. With his ability to turn into any kind of vending machine and serve a variety of products, Boxxo has helped the settlement grow and has fought various formidable enemies alongside his first and most loyal customer, Lammis.

However, Boxxo and Lammis' recent battle with the Netherlord, a general serving under the Demon Lord, has left the future uncertain. To take action against the looming threat, the directors of each Hunter Association agree to strike back by dispatching their best hunters. Joined by friends old and new, Boxxo and Lammis must thwart the Netherlord's evil plans by any means necessary to protect all that they cherish.

[Written by MAL Rewrite]",1,2025,6.51,1,0,0,0,0,0,0,1,0,1,0,0,0,0,0,0,0,0,0,0,0,0,0,0,0,0,6.524086538461538,6.982774466969956,11.786137154705587,10.5,2.5649493574615367
57969,https://myanimelist.net/images/anime/1587/149982.webp,Nukitashi the Animation,"The tropical Seiren Island is a paradise for deviants: the infamous Pervert Law grants near-complete sexual freedom with almost no taboos or boundaries. With its various suggestive attractions, the Seirantou Health Organization (SHO) entices visitors while providing regular medical checks and contraceptive pills to ensure carefree enjoyment.

However, for high school student Junnosuke Tachibana, the island is far from ideal. Having recently moved there with his younger sister, Asane, he cannot stand the empty, loveless sexual acts. To make matters worse, Junnosuke's abstinence attracts unwanted attention—and those who defy the law face punishment.

Junnosuke soon crosses paths with Nanase Katagiri, a notorious island seductress. Surprisingly, instead of forcing herself on him, she helps him flee from the SHO. Together, they discover a secret group that exists for a singular goal: to destroy the SHO. Now equipped with a way to resist the unjust rules, Junnosuke and other kindred spirits set out to crush the Pervert Law.

[Written by MAL Rewrite]",0,2025,6.96,0,0,0,0,1,0,0,1,0,0,0,0,0,0,0,0,0,0,0,0,0,0,0,0,0,0,6.931176470588235,6.735644023472382,12.429254313764984,17.0,2.4849066497880004
59619,https://myanimelist.net/images/anime/1329/150512.webp,Ame to Kimi to,"As novelist Fuji is returning home in a rainstorm, her attention is caught by something peculiar: an animal resembling a dog asking her to take it in. Although she is reluctant at first, the animal impresses her by handing her an umbrella, resulting in Fuji welcoming the creature into her apartment.

Soon, Fuji realizes that the animal is even smarter than she initially thought, as it begins communicating with her through writing. Whether the two are alone or hanging out with her family and friends, Fuji's new little friend never fails to entertain with its whimsical actions.

[Written by MAL Rewrite]",0,2025,7.52,0,1,0,0,0,0,0,0,0,0,0,0,0,0,0,0,0,0,0,1,0,0,0,0,0,0,6.30875,6.972970675979974,9.918388480224982,8.0,2.5649493574615367
60951,https://myanimelist.net/images/anime/1777/150455.webp,Kizetsu Yuusha to Ansatsu Hime,"Toto has been dreaming about adventuring with other people for as long as he can remember. Despite his hero title, he still remains without allies due to his timid personality. Therefore, when three women: Ciel, Anemone, and Goa suddenly request to join him, Toto is overjoyed. Unbeknownst to him, they are all assassins assigned to eliminate him!

While Toto resolves to protect his would-be killers, the women fight over who can finish off the hero. As Toto remains oblivious of his new party members' true intentions and finds himself passing out every time he gets flustered, the four of them embark on their peculiar adventure into the greater world.

[Written by MAL Rewrite]",0,2025,6.61,0,1,0,0,0,1,0,1,0,1,0,0,0,0,0,0,0,0,1,0,0,0,0,0,0,0,6.985,7.057228675339165,12.350224395109047,8.0,2.5649493574615367
56907,https://myanimelist.net/images/anime/1445/150685.webp,Koujo Denka no Kateikyoushi,"Despite being one of the most promising candidates, Allen fails the final exam for the position of royal court sorcerer, forcing him to abandon his ambitions and return home. Adding to his woes, he does not even have enough money for the train fare back, stranding him. With help from a former professor, Allen secures an unusual job offer: to be the private tutor of the daughter of Duke Howard, one of the kingdom's most powerful nobles.

The girl, Tina, however, has one critical flaw—she is completely unable to use magic. Though her academic prowess is nothing short of prodigious, intellect alone is not enough for the fast-approaching entrance exams to the prestigious Royal Academy. Moreover, countless magic instructors have tried to solve her problem and gave up in the process. To help Tina overcome her limitations, Allen must dig deeper into the roots of her magical inability, and, in doing so, uncover far more than he ever signed up for.

[Written by MAL Rewrite]",0,2025,6.31,1,0,0,0,0,0,0,0,0,1,0,0,0,0,0,0,0,0,0,0,0,0,0,0,0,0,6.8625,7.096172459132907,12.005554021837858,4.0,2.5649493574615367
61339,https://myanimelist.net/images/anime/1484/150617.webp,Jibaku Shounen Hanako-kun 2 Part 2,"Due to frequent misadventures with the supernatural and her hectic school life, Nene Yashiro can barely catch a break until Kamome Academy's annual sleepover event comes around. Nene is excited to blow off some steam with her best friend Aoi Akane and the rest of her class at the get-together. Unbeknownst to her, the sleepover falls on the same date as Urabon, when the line between the dead and the living gets distorted, allowing wicked spirits to come out to the surface.

When an evil ghost is about to attack her, Nene is rescued by a mysterious figure: Shinigami, the Sixth Wonder that can trap souls using his flute. In that moment, Shinigami takes notice of Aoi and abducts her to use her as a sacrifice that will close the barrier for good. Joined by Hanako-kun and Akane Aoi, Nene must embark on a journey into the deepest confines of the world of the dead to save her best friend before it is too late.

[Written by MAL Rewrite]",1,2025,8.07,0,1,0,0,0,0,0,0,0,0,0,0,0,0,0,0,1,0,1,0,0,0,0,0,0,0,7.500625,7.118694427730056,12.532582249883271,16.0,2.5649493574615367
60316,https://myanimelist.net/images/anime/1454/150515.webp,Busamen Gachi Fighter,"Wrongly convicted of a crime, 34-year-old Shigeru Yoshioka loses everything, including his trust in women, and withdraws from society as an unemployed recluse.

One day, he stumbles upon a way to travel to another world. When a mysterious status screen appears on his computer, Shigeru sacrifices his looks to gain an overwhelming 100 trillion and 5,100 parameters. Now reborn as an ""Absolute God,"" he begins his second life in another world.

(Source: MAL News)",0,2025,6.31,0,1,0,0,0,1,1,0,0,1,0,0,0,0,0,0,0,0,0,1,0,0,0,0,0,0,7.744,6.975981983406759,13.411034260821372,10.0,2.5649493574615367
59632,https://myanimelist.net/images/anime/1323/149460.webp,Mattaku Saikin no Tantei to Kitara,"In the detective business, everyone knows the name Keiichirou Nagumo. Back in high school, he was called a genius for cracking tough cases that even the police could not solve. But those days are long gone—or so the rumors say. However, one day, an unexpected visitor barges into his office: Mashiro, an energetic high school student who demands to be hired as his new assistant.

Although Keiichirou tries to brush her off, Mashiro is persistent. She is determined to become a detective, and to prove her worth, she begins by teaching him about the latest technology and offers a fresh perspective on his business. Thus, Keiichirou takes Mashiro on as his assistant and embarks on a brand new chapter in his career—one where he finds himself constantly surprised by the modern generation of detectives.

[Written by MAL Rewrite]",0,2025,7.35,0,1,0,0,0,0,0,1,0,0,0,0,1,0,0,0,0,0,0,1,0,0,0,0,0,0,6.716875000000001,7.14461865178913,11.928943582570328,48.0,2.5649493574615367
60665,https://myanimelist.net/images/anime/1904/150649.webp,Futari Solo Camp,"Gen Kinokura is a solitary camper looking for time away from the crowded city to refresh his mind and enjoy nature. But one day, Gen meets Shizuku Kusano at the supposedly empty campsite. A complete beginner at camping, Shizuku tries to settle in with Gen despite his protests. Gen reluctantly gives in once he notices her lackluster preparation.

Offering advice for her next trip, Gen believes their interaction ends on this occasion. However, Shizuku decides to join his future solo outings to learn more about camping. Although no longer on their own, the two set rules on how to camp together, allowing them a give-and-take experience while still relishing the atmosphere in a form of solitude.

[Written by MAL Rewrite]",0,2025,7.24,0,1,0,0,0,0,0,0,0,0,1,0,0,0,0,0,0,0,0,1,0,0,0,0,0,0,6.871818181818182,7.041394493922927,11.95359624371813,11.0,3.2188758248682006
60508,https://myanimelist.net/images/anime/1039/150572.webp,"Food Court de, Mata Ashita.","Every afternoon, tucked away in a corner of a local shopping mall's food court, two high school girls unwind and share a meal. Wada may seem like a soft-spoken honor student, but she is actually quite talkative and has an addiction to mobile games. Meanwhile, Yamamoto appears to be a stoic gal, but she is obsessed with internet mysteries and all things American. Nevertheless, within this food court, they carve out a strong friendship built on unfiltered conversations and the little absurdities that make everyday life a bit more bearable.

[Written by MAL Rewrite]",0,2025,7.51,0,1,0,0,0,0,0,0,0,0,0,0,0,0,0,0,0,0,0,0,0,0,0,0,0,0,7.5,7.097045230695323,12.712450392140118,2.0,1.9459101490553132
59689,https://myanimelist.net/images/anime/1943/149719.webp,Game Center Shoujo to Ibunka Kouryuu,"Lily Baker, a young English girl, decides to go to an arcade on Valentine's Day. She is determined to win a stuffed animal from a claw machine; but even after attempting it for hours, she is unable to get her hands on the prize. Just as she is about to give up, arcade employee Renji Kusakabe steps in and wins the prize for her as a present to celebrate the special day. Due to her cultural background, however, Lily mistakes his action as a declaration of love!

With Lily returning to the same arcade in the hopes of seeing Renji again, the two begin exchanging a notebook to learn more about each other and their respective cultures. This marks the start of a friendship filled with gaming, but that is not enough for Lily, as she swears to make Renji fall in love with her!

[Written by MAL Rewrite]",0,2025,6.64,0,1,0,0,0,0,0,1,0,0,0,0,0,1,0,0,0,0,0,0,0,0,0,0,0,0,7.257142857142858,6.8782231962799205,11.736243858141567,7.0,2.5649493574615367
59161,https://myanimelist.net/images/anime/1672/148848.webp,Bad Girl,"High school first year Yuu Yuutani has always been a good girl, following the rules, helping out around her house, and generally going through life unnoticed. From afar, she reveres her upperclassman and the school's Public Decency Officer, Atori Mizutori, and desperately wants her attention. When she realizes that the best way to get Atori to notice her is to be a delinquent, she begins to dress differently: she dyes parts of her hair a bright red, wears clips on her ears to resemble piercings, and attaches jumbo erasers to her shoes to give them thicker soles.

Despite Yuu's best efforts and even with the advice of her ""natural born delinquent"" friend Suzu Suzukaze, all of her plans to be a bad girl go awry. Still, Yuu manages to befriend Atori and pledges to spend as much time as possible together, not knowing there are others vying for Atori's attention. In the process, Yuu has also gained the attention of the school's self-proclaimed idol, Rura Ruriha, filling her once-invisible life with more attention than she may be able to handle.

[Written by MAL Rewrite]",0,2025,7.08,0,1,0,0,0,0,0,1,0,0,0,0,0,0,0,0,0,0,0,0,0,0,0,0,0,0,6.34,7.067066823212651,11.82848482963025,10.0,2.5649493574615367
53512,https://myanimelist.net/images/anime/1672/148193.webp,Busu ni Hanataba wo.,"At the age of 15, Hana Tabata has already made peace with the idea of never experiencing an unforgettable high school romance. Although she likes shoujo manga, flowers, and anything cute, Tabata considers herself a mere background character; she is a little bit chubby, with a round face, glasses, and freckles—all things that would make her conventionally unattractive. But when Tabata accidentally befriends Yousuke Ueno, a warm and charming classmate, things start to change. While she grapples with conflicting feelings about her unexpected new relationship with Ueno, Tabata has yet to realize that the love story she has been dreaming of has already begun.

[Written by MAL Rewrite]",0,2025,7.17,0,1,0,0,0,0,0,1,0,0,0,0,0,1,0,0,0,0,0,1,0,0,0,0,0,0,6.949090909090909,7.028567512354333,12.503263794881253,33.0,2.6390573296152584
58749,https://myanimelist.net/images/anime/1790/149462.webp,Arknights: Rise from Ember,"With the threat of Ursus and Reunion doubling down upon Lungmen, Ch'en, once the city's fiercest defender, renounces her loyalties before Lungmen's Chief Executive Wei Yenwu, revealing herself as Infected and the sister of Talulah, Reunion's enigmatic leader. Cast adrift from Lungmen with an arrest warrant, Ch'en sets out to confront Reunion, convinced that she alone can deliver the reckoning her sister deserves. As Rhodes Island intervenes to prevent total annihilation, Doctor, Amiya, Kal'tsit, and the rest of the team hope to navigate a conflict where the faintest spark of justice may at last ignite Lungmen's rise from its embers.

[Written by MAL Rewrite]",1,2025,7.82,0,0,0,0,0,1,0,0,0,1,0,0,0,0,0,0,0,0,0,0,0,0,0,0,0,0,7.195,7.227980769230769,11.456579074291392,6.0,2.3978952727983707
58197,https://myanimelist.net/images/anime/1411/150445.webp,Nyaight of the Living Cat,"In the 21st century, humanity's love for cats grew so deep that nearly everyone owns one as a pet. However, selective breeding of cats results in an extraordinary individual who carries a strange virus. The outbreak—dubbed the Nyandemic—turns any human who makes contact with an infected feline into one themselves.

Kunagi, a man who has lost all of his memories, is forced to flee mid-shift from a cat cafe. With him are siblings who run the place, Gaku and Kaoru, and a customer named Tanishi. But Gaku confesses that he is already infected and pleads with Kunagi to protect his sister. After experiencing the danger firsthand, the remaining three begin searching for a way to survive the very animals they adore.

Despite the government's best efforts to halt the feline hordes, the Nyandemic uncontrollably spreads. Human extinction seems more probable by the hour—but Kunagi, Kaoru, and Tanishi refuse to surrender their humanity without a fight!

[Written by MAL Rewrite]",0,2025,6.33,0,1,0,0,0,1,0,0,0,0,0,1,0,0,0,0,0,1,1,0,0,0,0,0,0,0,6.930833333333334,7.0481170707587175,11.552953064041954,60.0,2.5649493574615367
61150,https://myanimelist.net/images/anime/1933/150503.webp,Onmyou Kaiten Re:Birth,"Teenage delinquent Takeru Narihira has been having a recurring dream where he is chased by monsters, only for a mysterious girl to always rescue him. Having fallen in love with her, he promises her on their 1,999th meeting that he will be the one to save her the next time. But a motorcycle accident sends Takeru to Denji Heian-kyo—an alternate version of Japan's ancient capital with futuristic technology and the home of the girl from his dreams, Tsukiyima, who does not recognize him.

However, a black mist soon descends upon the city, petrifying citizens and unleashing monsters called oni. Only the so-called onmyouji—sorcerers who wield mystical powers and pilot magical ""shikigami"" suits—can fight them. When the mist returns, Takeru discovers that he has strange transformation powers and can resist the oni. But he and Tsukimiya are ultimately killed, and Takeru awakens in Denji Heian-kyo once again, this time two weeks before the appearance of the mist. Swearing to protect Tsukimiya at all costs, Takeru vows to become an onmyouji and change the future.

[Written by MAL Rewrite]",0,2025,6.48,0,0,1,0,0,1,0,0,0,1,0,0,0,0,1,0,0,0,0,0,0,0,0,0,0,0,7.516153846153847,7.038518790154927,13.01346069825014,13.0,2.5649493574615367
59342,https://myanimelist.net/images/anime/1637/148197.webp,Jigoku Sensei Nube (2025),"In Doumori, an imbalance of spiritual forces threatens to plunge the small city into complete chaos. Thankfully, for the students of Doumori Elementary School, new teacher and exorcist Meisuke ""Nube"" Nueno is determined to prevent the malignant spirits—known as youkai—from accomplishing their evil deeds.

The first student who catches Nube's attention is transfer student Hiroshi Tateno, who displays inexplicable outbursts of anger, often lashing out at his classmates. When they find out that Hiroshi is possessed by a youkai, Nube manages to free his student thanks to the demonic power sealed in his left hand. However, a youkai hiding behind the appearance of doctor Kyousuke Tamano bursts onto the scene and quickly abducts Hiroshi.

Helped by his student Kyouko Inaba and his expertise in the occult, Nube quickly uncovers Kyousuke's sinister plans. Rushing to Hiroshi's rescue, Nube will show once more that he will stop at nothing to protect his beloved students against all supernatural threats.

[Written by MAL Rewrite]",0,2025,6.7,0,1,0,0,0,0,0,1,0,0,0,1,0,0,0,0,1,0,1,0,0,0,0,0,0,0,7.4833333333333325,7.176275879917184,11.67395244873692,9.0,2.6390573296152584
60131,https://myanimelist.net/images/anime/1801/150665.webp,Karaoke Iko!,"Middle school student Satomi Oka ought to be proud that his choir group placed second at a national competition. However, he views this achievement as a failure caused by his inadequacies. Furthermore, since graduation is fast approaching, his time as leader of the choir is coming to an end. 

While Satomi is preoccupied with his inner turmoil, a smooth-talking gangster named Kyouji Narita approaches him and requests him as a singing teacher. Every year, Kyouji and his colleagues participate in a karaoke competition, where their boss personally designs a tattoo for the loser. To avoid such cruel and unusual punishment, Kyouji asks Satomi to help him find the best song suited for his vocal range.

Albeit reluctantly, Satomi sets his fears aside and agrees to join Kyouji at his karaoke practice sessions. But it remains to be seen whether the mismatched duo will overcome their respective obstacles or fail miserably.

[Written by MAL Rewrite]",0,2025,7.63,0,1,0,0,0,0,0,1,0,0,0,0,0,0,0,0,0,0,0,0,0,0,0,0,0,0,7.3176,7.105906380318066,12.436630562378715,25.0,1.791759469228055
60260,https://myanimelist.net/images/anime/1900/150443.webp,Hotel Inhumans,"Ikurou Hoshi and Sara Haizaki are the concierges at Hotel Inhumans, a hotel that specifically caters to assassins. They fulfill all the requests their guests may ask of them, never uttering the word ""no."" While Ikurou specializes in research into their clients' backgrounds and careers, Sara protects the hotel with skills to match that of the hotel's patrons.

However, despite providing every service imaginable for these assassins, Ikurou despises those who kill for money and claims daily that he is going to quit his job. Yet the more requests he and Sara fulfill on behalf of their guests, the more Ikurou learns about the unexpected humanity found within the assassins. With every glimpse into the lives and motivations of those who murder for a living, the more he realizes assassins are not so different from him or Sara.

[Written by MAL Rewrite]",0,2025,6.72,0,1,0,0,0,1,0,0,1,0,0,0,0,0,0,0,0,0,0,0,0,0,0,0,0,0,6.34,7.027622267256201,11.82848482963025,10.0,2.6390573296152584
60315,https://myanimelist.net/images/anime/1154/149311.webp,Dekin no Mogura,"When university students Kuriaki Magi and Yaeko Kirihara witness a man receive a fatal blow to the head, they can barely believe it when he flees the scene unscathed. Once they catch up to the victim, Momoyuki Mogura, they learn that he is immortal.

While Magi and Yaeko initially presume Mogura is delusional, their opinion of him changes as they begin seeing apparitions. As Mogura explains, those are spirits of dead people that produce demon fire, a light that guides the spirits after death. Stripped of the right to carry the fire, Mogura has spent years collecting the products from spirits, hoping to one day enter the afterlife. With Magi and Yaeko now helping him find more spirits, the mysterious Mogura may finally achieve his peculiar dream.

[Written by MAL Rewrite]",0,2025,6.94,0,1,0,0,0,0,0,1,0,0,0,0,1,0,0,0,1,0,0,1,0,0,0,0,0,0,6.76,7.066696200616,12.178929108800604,13.0,2.5649493574615367
60697,https://myanimelist.net/images/anime/1104/150590.webp,Fermat no Ryouri,"Since childhood, Gaku Kitada has been fascinated with mathematics. As a student at the prestigious Wels Academy, he aimed to qualify for the Mathematics Olympiad and eventually secure admission to the University of Tokyo to become a great mathematician. His ambitious plans, however, do not come to fruition, as Gaku fails to qualify for the Olympiad's main event due to his anxiety and lack of self-confidence. This disastrous performance, coupled with his decision not to participate in future competitions, leads to his expulsion from the academy.

During this crisis, Gaku meets Kai Asakura, an enigmatic professional chef who recognizes Gaku's peculiar way of cooking that incorporates math to create perfectly synergistic dishes. Despite his initial reservations, Gaku begins to utilize his mathematical perspective to cook, rekindling his love for the subject in the process. Wanting to understand this impulse more, Gaku decides to pivot his career trajectory to one that melds numbers with flavors to find solutions that can satisfy both his mind and the palate of his customers.

[Written by MAL Rewrite]",0,2025,6.97,0,1,0,0,0,0,0,0,1,0,1,0,0,0,0,0,0,0,1,0,0,0,0,0,0,0,6.19,7.071037665390865,10.853773831668242,3.0,2.5649493574615367
54028,https://myanimelist.net/images/anime/1977/150952.webp,Turkey!,"Mai Otonashi, Rina Godai, Nozomi Mitaka, Sayuri Ichinose, and Nanase Nikaidou are all members of their high school's bowling club. The captain, Mai, can effortlessly land a ""turkey""—three strikes in a row—yet her next delivery always ruins her game. Each girl struggles with the sport in her own way, but that never stops them from having fun.

However, amusement is not enough for Rina. As the newest member, she is furious about the others' disregard for their failures. After an argument, Rina decides to quit the club, but Mai refuses to let her leave. During a match to determine if Rina stays, a strange incident occurs after Mai's turkey: the girls are sent back in time!

The group discover that they have landed right into the middle of a battlefield in the Sengoku period. They soon realize that recreating the match between Mai and Rina is the key to returning home. As the girls decide to enjoy their time in the unfamiliar era, Mai must prepare to score a turkey when it matters the most.

[Written by MAL Rewrite]",0,2025,6.63,0,0,1,0,0,0,0,0,0,0,0,0,0,0,0,1,0,0,0,0,0,0,0,0,0,0,6.63,6.825226195557181,11.071221593274618,2.0,2.5649493574615367
59961,https://myanimelist.net/images/anime/1546/145782.webp,Kizu darake Seijo yori Houfuku wo Komete,"Several centuries ago, a plague ravaged the Kingdom of Geed until a girl with healing powers appeared and saved the nation. Today, she is revered as the goddess Lushe, and a temple in her honor gathers individuals with similar powers to serve the kingdom as so-called saintesses.

Lua Restoatt is a saintess candidate, but her power is defective—she heals by transferring others' injuries to herself, which earned her the nickname ""Broken Saintess."" This flawed ability nearly kills her when she rushes to save Garrett Vance, a knight captain she admires. But Lua's best friend, Arianne Trebias, takes the credit and becomes engaged to Garrett.

Crushed by the betrayal, Lua vows never to heal again and prioritizes her secret second ability: inflicting others with the ailments she once absorbed. After witnessing this, Second Prince Sven Geed Crone approaches Lua and offers an alliance. Hungry for revenge, the once-timid Lua accepts Sven's proposal, ready to strike back at those who have wronged her and help the prince expose dark secrets of the temple.

[Written by MAL Rewrite]",0,2025,6.63,0,1,0,0,0,0,0,0,0,1,0,0,0,1,0,0,0,0,0,0,0,0,0,0,0,0,6.355333333333333,6.917897135416666,9.739791459865339,4.0,2.5649493574615367
61274,https://myanimelist.net/images/anime/1464/150712.webp,Ginga Tokkyuu Milky☆Subway,"Arrested for reckless space driving, super human Chiharu and cyborg Makina are sentenced to clean the Milky☆Subway—an old interplanetary train.

Easy enough, right? Wrong. When the train suddenly takes off, they are thrown into a high-speed space-train spectacle packed with chaos, no plans, and zero strategy.

Just pure momentum!

(Source: Official website, translated)",1,2025,7.95,0,0,1,0,0,0,0,1,0,0,0,0,0,0,1,0,0,0,0,0,0,0,0,0,0,0,7.056666666666667,7.050133333333333,12.112189835437734,18.0,2.5649493574615367
60130,https://myanimelist.net/images/anime/1359/150668.webp,"Muchuu sa, Kimi ni.","To escape from the monotony of his daily life, Jouji Ema likes to count all the cute things he sees. However, this has become a difficult task at his all-boys school, with one exception: his classmate Miyoshi Hayashi. After a random mishap with Hayashi at the sports festival, the boy starts following Ema around asking him if he thinks he is cute. Ema is puzzled by Hayashi's frank yet naive attitude, but he cannot help but be drawn in by his eccentric personality.

Meanwhile, Yuuichi Medaka's school year takes a wrong step when he is seated in front of Akira Nikaidou, a gloomy boy rumored to put curses on anyone that crosses his path. Determined to get in Nikaidou's good graces, Medaka tries to befriend him, but to no avail. Just when he is about to admit defeat, he discovers that Nikaidou might not be the bad omen everyone believes he is.

[Written by MAL Rewrite]",0,2025,7.32,0,1,0,0,0,0,0,0,0,0,0,0,0,0,0,0,0,0,0,0,0,0,0,0,0,0,7.3176,7.1004850746268655,12.436630562378715,25.0,1.791759469228055
59322,https://myanimelist.net/images/anime/1231/149888.webp,Shirobuta Kizoku desu ga Zense no Kioku ga Haeta node Hiyoko na Otouto Sodatemasu,"In a world where Western and Asian cultures mix together, the only son of Count Kikunoi from the Kiryuu Empire, is Ageha. His life was already over at the age of 5. He, who was born in a corner of the country, has zero allies or useful skills in addition to being overweight. What's more, it seems that his brother Regulus, who suddenly appeared on his life and was presented for the Count as his brother, will kill him in the future for his right to succeed...

His only weapons, are the abilities of ""cooking and sewing,"" that he suddenly acquired along with the memories of his previous Japanese life. In the midst of all this, Ageha ends up raising his younger brother, but... ""My brother is super cute?"" And before he knows it, he becomes a full-blown doting older brother?!

Making handmade educational toys for his cute little brother and delicious chawanmushi (steamed egg custard)... With the help of his previous life's skills and my power as a housekeeper, he's able to improve the rough life of the people living in his territory. A fantasy of two young brothers managing their territory, where a single step gets even the gods involved in changing their country!

(Source: Shousetsuka ni Narou, translated)",0,2025,6.73,1,0,0,0,0,0,0,0,0,1,0,0,0,0,0,0,0,0,0,0,0,0,0,0,0,0,6.575,6.914717817561806,11.232166042257138,6.0,2.5649493574615367
58957,https://myanimelist.net/images/anime/1199/151679.webp,9: Ruler's Crown,"While helping out at an anime convention to promote his city, high school student Kakeru Niimi is caught up in a sudden earthquake. During the emergency, he ends up entering a shrine where he sees a peculiar relic shatter. The very next day, his classmate Miyako Kujou, who was cosplaying at the event, worries that she has been cursed as a result of the earthquake, but Niimi brushes her suspicions off.

However, Niimi's mind changes when he discovers that various people have gained supernatural powers in the city—and that some have started using them for nefarious purposes. Fortunately, Niimi is not alone: he is joined by Miyako, his sister Sora, and a cold girl named Noa Yuuki, who have all awakened to their own abilities. If the group wants to keep their hometown safe, they must strive to prevent any future incidents while unraveling the mystery behind it all.

[Written by MAL Rewrite]",0,2025,5.81,0,0,0,0,1,0,0,0,0,0,0,0,1,1,0,0,0,0,0,0,0,0,0,0,0,0,6.52,7.186421497584541,10.307009106499272,4.0,2.6390573296152584
60505,https://myanimelist.net/images/anime/1845/150343.webp,Necronomico no Cosmic Horror Show,"Miko Kurono is a lesser-known streamer, ""Necronomico,"" who plays video games for her small audience. She has been covering the hospital bills of her close friend and fellow streamer, Mayu Mayusaka, ever since she and other popular streamers mysteriously fell into a coma three months ago.

Desperate for money, Miko agrees to participate in a top-secret beta test for a cutting-edge VR game. After clearing the first level, she and six other streamers come face-to-face with the Old Ones—ancient, evil gods who have returned to take over the Earth but are currently trapped inside the VR world. Miko becomes enraged when she discovers that one of the gods, Cthulhu, has taken the likeness of Mayu and is the one responsible for her condition.

Alongside the others, Miko is now a part of the Old Ones' twisted game called the Cosmic Horror Show, where the elimination of all the players results in humanity's doom. However, knowing that the winner is granted a single wish, Miko sets out to beat the game and save Mayu.

[Written by MAL Rewrite]",0,2025,6.15,0,0,1,0,0,0,0,0,0,0,0,0,0,0,0,0,1,1,0,0,0,0,0,0,0,0,6.716923076923076,7.0937696697012145,11.688896128234063,13.0,2.5649493574615367
57820,https://myanimelist.net/images/anime/1967/148714.webp,Kamitsubaki-shi Kensetsuchuu.,"Seven years after humanity was devastated by a major disaster, a beacon of science and prosperity rises in Kamitsubaki City. But lurking in its shadows are Tesseractor, monsters born from human darkness. Only the Witchling, five girls with voices that wield magic, stand against them. With every note, they fight, not just to protect the peace of the city, but to heal a broken world.

(Source: Crunchyroll)",1,2025,5.84,0,0,0,1,0,0,0,0,0,0,0,0,0,0,1,0,0,0,0,0,0,0,0,0,0,0,5.75,7.0730834464043415,7.069023426578259,4.0,2.5649493574615367
55689,https://myanimelist.net/images/anime/1866/150935.webp,Utagoe wa Mille-Feuille,"Just like any other high school student, first-year Uta Komaki wants to make the most of her youth. With her namesake talent in singing, she attempts to join her school's light music club but repeatedly fails due to her extreme shyness and lack of confidence. Intimidated by the dazzling presence of the club's members, Uta fears to even submit her application.

One day, Uta receives an invitation from Airi Kojou, president of the a cappella club, to check out their club instead. Unlike the light music club, this group performs purely without instruments. Uta soon finds herself amazed by the way the members' voices resonate with one another—delicate yet cohesive, resembling a mille-feuille dessert's thousand layers. Moved, Uta takes a quiet step forward into creating a harmony where everyone shines together.

[Written by MAL Rewrite]",0,2025,6.8,0,0,0,1,0,0,0,0,0,0,0,0,0,0,0,0,0,0,0,0,0,0,0,0,0,0,6.6933333333333325,6.912748147956366,11.628804466882055,3.0,2.3978952727983707
58996,https://myanimelist.net/images/anime/1018/150416.webp,Osomatsu-san 4th Season,Fourth season of Osomatsu-san.,1,2025,6.12,0,1,0,0,0,0,0,1,0,0,0,0,0,0,0,0,0,0,0,0,0,0,0,0,0,0,8.67,6.980424337806316,12.590157482516329,1.0,2.5649493574615367
60603,https://myanimelist.net/images/anime/1415/150405.webp,Puniru wa Kawaii Slime 2nd Season,Second season of Puniru wa Kawaii Slime.,1,2025,7.25,0,1,0,0,0,0,0,1,0,0,0,0,0,0,0,0,0,0,0,0,0,0,0,0,0,0,8.229999999999999,6.748571428571429,13.009213342805005,3.0,2.5649493574615367
61239,https://myanimelist.net/images/anime/1083/150814.webp,Binan Koukou Chikyuu Bouei-bu Haikara!,"It's the Taisho era—a time filled with the scent of romance, and people's hearts are still filled with compassion.

Unzen, Sukayu, Unohana, Oshamanbe, and Aso are all ordinary (?) male students at Binan High School, who spend their days lazing around in the clubroom of the ""do-nothing club"" Earth Defense Club, and live together in the Kurotama dormitory.

One day, while the five are taking a morning bath at the Kurotama dormitory, they notice something slimy moving in the bathtub. When they finally manage to catch it, it turns out to be a talking Pallas's cat named Nuru!

Nuru has come from the distant future with a serious mission to inform them that the Earth is facing an impending threat of destruction. While he says he wants to protect the Earth, he says he's only come to warn them of the crisis, and that it's up to the five of them to decide whether or not they want to fight for the Earth...

Isn't this just an attempt to dodge responsibility? The Defense Club members are suspicious. ""If either is fine with you, I'll do it! That's more fashionable!"" Unzen enthusiastically says. The five decide to fight with free will, and Nuru transforms them into the Haikara Romantic Troupe using feline science.

Meanwhile, a mysterious trio called the Bankara New Elite Squad are scheming in the shadows. They are plotting to take over the Earth.

(Source: Official site, translated and edited)",0,2025,6.36,0,0,1,0,0,0,0,1,0,1,0,0,0,0,0,0,0,0,0,0,0,0,0,0,0,0,6.598787878787879,7.01669014084507,11.531871813702741,33.0,2.5649493574615367
61793,https://myanimelist.net/images/anime/1975/150436.webp,Yami Shibai 15,Fifteenth season of Yami Shibai.,1,2025,5.68,0,0,1,0,0,0,0,0,0,0,0,1,0,0,0,0,1,0,0,0,0,0,0,0,0,0,5.608333333333333,6.917897135416666,9.407187859191804,12.0,2.6390573296152584
54145,https://myanimelist.net/images/anime/1878/150315.webp,Cardfight!! Vanguard: Divinez Deluxe Kesshou-hen,Ninth season of Cardfight!! Vanguard: D Series.,1,2025,6.7,0,0,1,0,0,1,0,0,0,0,0,0,0,0,0,0,0,0,0,0,0,0,0,0,0,0,6.896851851851852,7.011346153846153,11.368763695498853,11.333333333333334,2.5649493574615367
