mal_id,image_url,title,synopsis,source,genres,demographics,is_franchise,members,episodes,year,season,producer_id,studio_id,score
52807,https://myanimelist.net/images/anime/1168/148347.webp,One Punch Man 3,"Earth is saved by heroes for now, but the large-scale battle between the Hero Association and the Monster Association is far from over. The dangerous hero hunter Garou is still on the loose despite the efforts to capture him, and the Monster Association has abducted a notable figure, leaving the Hero Association in turmoil. With a strict deadline for the rescue, the heroes set out in search of the monsters' hideout.

Though he is heavily injured, Garou is recruited by the Monster Association in the hope of making him a part of the leadership. In order to ascend the ranks, the hero hunter must first prove that he is ready to give up on his humanity by killing a hero. It does not take long for Garou to find his victim, but that very person is the oblivious Saitama, who effortlessly knocks him out.

This humiliating defeat causes Garou to be branded as a traitor by the monsters. Moreover, the next clash between the two associations approaches rapidly. As both sides are ready to engage in any tactics and use any pawns at their disposal, the safety of the world is at their mercy.

[Written by MAL Rewrite]",Web manga,"['Action', 'Comedy']",['Seinen'],1,434945,12,2025,fall,"[16, 104, 306, 1261, 1365, 1501, 1992, 2232, 2424, 2425]",[7],4.75
59027,https://myanimelist.net/images/anime/1697/151793.webp,Spy x Family Season 3,"Despite occasional setbacks, Operation Strix has remained on track to extract sensitive information from the enigmatic politician Donovan Desmond. To this end, spy Loid Forger has managed to maintain his pretend family consisting of his telepathic daughter, Anya; assassin wife, Yor; and their clairvoyant dog, Bond. Still the only one aware of everyone's true identities, Anya tries to sustain the family's cohesion while working to befriend Donovan's son Damian, her Eden Academy classmate.

However, Anya's efforts instead earn her another Tonitrus Bolt, bringing her closer to getting expelled and jeopardizing the operation's success. Hearing the news, Loid faints from shock. In his unconsciousness, he reminisces about his tragic past and his journey to becoming a spy. Realizing what Operation Strix means to him and the world, Loid finds renewed motivation. Although they each work toward their own covert goals, the Forgers continue to cherish their chaotic yet blissful family life.

[Written by MAL Rewrite]",Manga,"['Action', 'Comedy']",['Shounen'],1,338414,13,2025,fall,"[16, 62, 1143, 1294, 1365, 2229, 3210]","[858, 1835]",8.21
60098,https://myanimelist.net/images/anime/1959/151055.webp,Boku no Hero Academia: Final Season,"The final stages of an all-out war between heroes and villains unfold as the world watches its symbols of peace and destruction collide. When All Might is critically injured, global fear takes hold as the fate of society hangs in the balance, and the threat of All For One and Tomura Shigaraki makes it clear that the conflict is far from over.

As hope begins to fade, Izuku ""Deku"" Midoriya stands at the forefront, refusing to let the war end in despair. Pushed beyond his limits and supported by Katsuki Bakugou and other heroes fighting beside him, Deku becomes the central force opposing collapse. The conflict becomes a defining turning point for society—one where the future will be entrusted to the victorious side.

[Written by MAL Rewrite]",Manga,['Action'],['Shounen'],1,299732,11,2025,fall,"[4, 53, 76, 166, 757, 1143, 1365, 1499, 2229]",[3045],8.71
61026,https://myanimelist.net/images/anime/1276/151118.webp,Ansatsusha de Aru Ore no Status ga Yuusha yori mo Akiraka ni Tsuyoi no da ga,"Oda Akira is the kind of guy who people forget is even there. His unassuming nature pays off, though, when his entire class is swept away to a fantasy world, and he slips easily into his new role as a silent assassin. Between his suspiciously high starting stats and too many details that don't fit, Akira is sure something is wrong. But digging into royal secrets is a dangerous game, and when Akira uncovers an evil scheme, he also makes a powerful enemy—the very king who brought him to this world! With the help of the elven spirit medium Amelia, can he find the power to set things right, and get his revenge?

(Source: Seven Seas Entertainment)",Light novel,"['Action', 'Adventure', 'Fantasy']",[],0,169102,12,2025,fall,"[15, 73, 135, 140, 843, 1011, 1334, 1443, 1468, 1494, 2236]",[14],6.57
59846,https://myanimelist.net/images/anime/1190/151754.webp,Saigo ni Hitotsu dake Onegai shitemo Yoroshii deshou ka,"Ever since childhood, Scarlet El Vandimion has preferred to deal with wrongdoers by using her fists. However, to preserve her family's image, she suppresses her instincts and tolerates the abuse inflicted by her childish fiancé, Second Prince Kyle Von Pallistan. Only Kyle's brother, First Prince Julius, is aware that there is more to Scarlet than meets the eye, but she cares little about his growing interest.

In the middle of a ball, Kyle accuses Scarlet of harassing Terenezza Hopkins, a commoner that has taken his heart. Scarlet's engagement to Kyle is nullified, leaving her outraged that all of her efforts to endure thus far have amounted to nothing. Scarlet dons her studded leather gloves, once again becoming the ""Mad Dog Princess."" Joined by Julius and werebeast Nanaka, Scarlet is ready to give filthy nobles a taste of their own medicine—one punch at a time.

[Written by MAL Rewrite]",Light novel,"['Action', 'Comedy', 'Fantasy', 'Romance']",[],0,164279,13,2025,fall,"[17, 166, 1211, 1416, 1468, 2074, 2592]",[839],7.36
54703,https://myanimelist.net/images/anime/1140/152364.webp,Fumetsu no Anata e Season 3,"Hundreds of years after the large-scale battle against the Nokkers in the city of Renril, the world is unrecognizable. Thanks to the immortal Fushi's efforts in dormancy, he has successfully created a world with modern infrastructure where he and every living species can live in peace. When he finally awakens from his slumber, Fushi is elated to try everything this new world has to offer and revive his friends from the past.

While exploring, Fushi runs into Yuuki Aoki, a lively middle school student, who is quick to welcome him and his friends into the house. As the group settles into their new home and learns more about the modern world, Fushi meets Mizuha, Yuuki's friend, who resembles someone familiar to him.

It turns out that Mizuha is the descendant of the Guardians: the people whose only goal is to keep Fushi safe. Like her ancestors, she grows fond of Fushi, which brightens up her life. However, as bizarre events occur when Mizuha approaches Fushi, it becomes clear that this new world is far from perfect.

[Written by MAL Rewrite]",Manga,"['Adventure', 'Drama', 'Supernatural']",['Shounen'],1,150938,22,2025,fall,"[213, 1468, 1797]","[1967, 2411]",7.45
57025,https://myanimelist.net/images/anime/1206/151772.webp,Tondemo Skill de Isekai Hourou Meshi 2,"After being summoned to another world, ordinary salaryman Tsuyoshi Mukouda has made a name for himself with his fabulous cooking. During his journey throughout different lands, he has even befriended the mythical wolf Fel and a slime named Sui. While enjoying a meal one day, the trio is interrupted by a tiny but rare pixie dragon who also wants a bite of their food. Like Fel and Sui, the dragon immediately falls in love with Mukouda's cooking and decides to become the man's familiar, receiving the name Dora-chan.

However, cooking is not Mukouda's only forte. His familiars' incredible strength constantly attracts the attention of guilds who ask for their help on different quests. In exchange, the guilds are able to process the game Mukouda and his familiars hunt, enabling their growing party to sample various kinds of monster meat. Continuing to travel around the world with his familiars, Mukouda always comes up with new mouth-watering recipes that will leave everyone hoping for a second serving.

[Written by MAL Rewrite]",Light novel,"['Adventure', 'Comedy', 'Fantasy', 'Gourmet']",[],1,134536,12,2025,fall,[1856],[569],7.68
60303,https://myanimelist.net/images/anime/1163/151246.webp,"Shinjiteita Nakama-tachi ni Dungeon Okuchi de Korosarekaketa ga Gift ""Mugen Gacha"" de Level 9999 no Nakama-tachi wo Te ni Irete Moto Party Member to Sekai ni Fukushuu & ""Zamaa!"" Shimasu!","In a world where nine different races coexist, humans ended up at the bottom of the hierarchy. Despite facing discrimination daily, a young human named Light leaves his family in hopes of becoming a great adventurer. While registering as one, however, Light ends up becoming a mere F-Rank adventurer due to his unimpressive skill, Unlimited Gacha, which allows him to materialize a randomly rolled card into existence.

Light is soon recruited to become the human representative of the Concord of the Tribes, a party that intends to represent all of the nine races. As the party ventures out to the Abyss, the world's toughest dungeon, his party suddenly decides to abandon him in its depths. Just as his death seems certain, Light rolls a Level 9999 card that summons a beautiful and strong maid named Mei.

Swearing her loyalty to Light, Mei sets out to eliminate his betrayers. Now nearly invincible with Mei, alongside other incredible summons, Light sets out to get his revenge.

[Written by MAL Rewrite]",Light novel,"['Action', 'Fantasy']",[],0,122261,12,2025,fall,"[104, 143, 306, 547, 1416, 2424, 2425, 2741]",[7],7.08
47158,https://myanimelist.net/images/anime/1699/151694.webp,Tomodachi no Imouto ga Ore ni dake Uzai,"Akiteru Ooboshi lives by one principle—efficiency above all. As the producer of the 05th Floor Alliance, a small game development circle composed of his fellow apartment tenants, he oversees the release of their latest title, The Night the Black Goat Screamed, which unexpectedly surpasses a million downloads. Thus, to secure the circle's future and steer their next projects toward even greater success, Akiteru turns to Honeyplace Works, a major company run by his uncle, Makoto Tsukinomori.

However, his uncle presents an unusual condition before accepting their partnership: Akiteru must pose as the boyfriend of his cousin, Mashiro. Seeing no reason to refuse—after all, it is the most efficient solution—Akiteru agrees for the sake of his team.

Unfortunately, adding to his troubles is Iroha Kohinata, the younger sister of his fellow developer and best friend, Ozuma. A relentless tease, Iroha takes special pleasure in breaking Akiteru's composure. Yet as the lines between work, school, and personal life begin to blur, Akiteru finds himself entangled between two girls who might just as well decide his entire future.

[Written by MAL Rewrite]",Light novel,"['Comedy', 'Romance']",[],0,110943,12,2025,fall,"[55, 58, 517, 1416, 1517, 1585, 2111, 2117, 2234, 3106]",[1547],6.5
59644,https://myanimelist.net/images/anime/1599/155164.webp,Yasei no Last Boss ga Arawareta!,"Lufas Maphaahl, the Black-Winged Tyrant, was the Great Conqueror who once forged the world of Exgate into a single country. Her reign, supposedly one of fear, ended only when seven heroes rose to cast her down, bringing the player-driven event to a triumphant close—or so the player behind Lufas' avatar thought until a strange message from the goddess of Exgate summoned him into the game world.

The player then suddenly awakens in the body of Lufas two hundred years after her defeat, finding Exgate on the brink of extinction at the hands of the Devil King. Now, he must travel the world as Lufas to find her most loyal subjects, the Twelve Heavenly Stars, and discover the reason behind his summoning.

[Written by MAL Rewrite]",Light novel,"['Action', 'Adventure', 'Fantasy']",[],0,106870,12,2025,fall,"[460, 577, 925, 1113, 1412, 2185, 2228, 2408]",[318],7.47
59267,https://myanimelist.net/images/anime/1364/151767.webp,Sanda,"In a future where children are few and regarded as Japan's most valuable assets, Christmas has become a mere legend of the past. For the students of Daikoku Welfare Academy—a boarding school where they are educated, protected, and monitored—the mythical Santa Claus is a forgotten character of fiction. For the adults, Santa Claus is a very real menace that needs to be neutralized by the Saint Nick Pursuit Unit in case he makes an appearance.

Shiori Fuyumura, a student of Daikoku Welfare Academy, is determined to find her best friend, Ichie Ono, who has been declared dead after being missing for six months. One morning, Fuyumura summons her fellow class representative, Kazushige Sanda, only to attack the unknowing boy. She is convinced that Sanda is the descendant of the infamous Santa Claus—the only person who can make her wish of finding Ono come true—and is determined to force out his dormant true self by any means necessary.

[Written by MAL Rewrite]",Manga,"['Action', 'Mystery']",['Shounen'],0,105632,12,2025,fall,"[53, 143, 577, 1373]",[1591],7.45
56854,https://myanimelist.net/images/anime/1721/151097.webp,Mushoku no Eiyuu: Betsu ni Skill Nanka Iranakatta n da ga,"In a ritual, the Goddess bestows upon 10-year-old children a ""class"" that shapes their entire future. As the son of the legendary Sword Princess Fara and Archmage Leon—two of the highest-ranked individuals in their respective classes—Arel seemed destined for greatness. Unfortunately, he is branded as classless and thus unable to naturally inherit any kind of specific skill.

However, Arel soon discovers that he can replicate the abilities of any class he desires—though doing so demands significantly more effort than it does for the naturally gifted. Eager to test his unprecedented skills even more by finding stronger opponents, Arel sets out to defy the limits imposed upon him and prove that perseverance can surpass even divinely appointed talent.

[Written by MAL Rewrite]",Light novel,"['Action', 'Adventure', 'Comedy', 'Fantasy']",[],0,93565,12,2025,fall,"[315, 843, 925, 1334, 1492, 1996, 2017, 2228]",[1209],6.26
59517,https://myanimelist.net/images/anime/1015/151233.webp,Chitose-kun wa Ramune Bin no Naka,"Saku Chitose appears to lead an enviable high school life. Extraordinarily charismatic, tremendously confident, and effortlessly friendly, he is the kind of person others naturally look up to. But his popularity carries its own burdens; not everyone views him kindly, and whispers of cynicism follow wherever he shines too brightly. To Saku, living an ugly life is worse than death—a belief that drives his need to maintain his perfect reputation.

At the start of his second year, Saku's homeroom teacher asks him to help bring back a classmate who has stopped attending school. Initially hoping to resolve the matter quickly, Saku finds out that the shut-in Kenta Yamazaki harbors open contempt for him and everything he represents. A simple favor instead exposes the distance between those who live within the social light and those who were never given a chance to shine.

Surrounded by the expectant gazes of those who both admire and despise him, Saku treads the delicate line between sincerity and performance—searching for what it truly means to live beautifully in a world that sees only the surface.

[Written by MAL Rewrite]",Light novel,"['Comedy', 'Romance']",[],0,85600,13,2025,fall,"[58, 238, 719, 1211, 1261, 1416, 1430, 1551, 1696, 1779, 1899, 2903, 3103]",[91],7.44
60619,https://myanimelist.net/images/anime/1651/152063.webp,Nageki no Bourei wa Intai shitai Part 2,"Despite being one of Zebrudia's few level 8 treasure hunters and the leader of the capital's top party, Grieving Souls, Krai Andrey does not deserve his prominent reputation. Everything he says somehow turns prophetic, which convinces everyone around him that he possesses unfathomable wisdom regardless of his utter incompetence. Krai knows his success is only a series of coincidences, but the weight of those expectations grows heavier as time goes by. Unfortunately, as the other members of the Grieving Souls continue to shock the world with their achievements, Krai's wish for a peaceful retirement drifts ever further out of reach.

[Written by MAL Rewrite]",Light novel,"['Action', 'Adventure', 'Fantasy']",[],1,83830,11,2025,fall,"[1211, 1284, 1680, 1896, 2289, 2671]",[1379],7.51
61917,https://myanimelist.net/images/anime/1294/151734.webp,Towa no Yuugure,"In an era trembling on the edge of an AI revolution, Towasa Oumagi stands out as a prodigy. Her adopted brother, Akira Himegami, is one of the few who understands the heart behind her code and stands unwaveringly by her side against the prejudice she often faces as an AI pioneer. During a shareholders meeting meant to unveil a breakthrough that could reshape humanity, chaos erupts when a shooter guns down Towasa and Akira in rejection of their ideals.

With the attack being his last memory, Akira opens his eyes, only to realize centuries have passed. He finds himself in a deserted laboratory among a city in ruins, with no idea what became of Towasa or the world. A father and daughter find him and take him into their modest home, where he is shocked to discover that civilization has regressed.

His peaceful days are shattered when he is captured by OWEL, a global organization that now governs the world and controls access to knowledge from the old era. When his captors decide to execute him, a mysterious figure appears and lays waste to the entire squadron with her terrifying inhuman abilities. After rescuing him, she introduces herself as Yuugure—an android—and asks Akira to marry her. If things were not already unbelievable, Yuugure's face is a perfect reflection of Towasa's.

[Written by MAL Rewrite]",Original,"['Romance', 'Sci-Fi']",[],1,78960,12,2025,fall,"[135, 143, 166, 1856, 2045, 2680]",[132],6.56
60168,https://myanimelist.net/images/anime/1191/152368.webp,"Watashi wo Tabetai, Hitodenashi","After an accident sent her family to their deaths in the ocean, Hinako Yaotose keeps returning to the thought of sinking forever into the sea herself. With Miko Yashiro as her only friend, Hinako manages to keep up a semi-happy facade, but whenever Miko leaves her side, she slips into despair. Everything changes one summer when she meets a mysterious girl with eyes as deep and clear as the sea, drawing Hinako in like nothing else has in a long time.

During her absent-minded search for the girl, Hinako is suddenly pulled underwater by a beastly deep-sea creature, only to awaken to the presence of the girl—Shiori Oumi—who takes on a monstrous form and kills Hinako's attacker. Despite this heroic act, Shiori's intentions are no different from any other monster's: she wants to eat Hinako.

The following morning, Shiori walks into Hinako's class as a transfer student, and Hinako cannot help but smile—at last, someone who could fulfill her quiet wish for death has appeared before her.

[Written by MAL Rewrite]",Manga,"['Drama', 'Girls Love', 'Supernatural']",['Seinen'],0,77820,13,2025,fall,"[141, 144, 238, 719, 1211, 1386, 1551, 1680, 1696, 1986]",[1813],7.46
60564,https://myanimelist.net/images/anime/1011/152084.webp,Ranma ½ (2024) 2nd Season,"Things have been lively ever since Ranma Saotome took up residence in the Tendou household. He still turns into a girl whenever doused with cold water, but that has not stopped his unrelenting martial arts training and meeting countless new individuals. Moreover, Ranma and his fiancée, Akane Tendou, have grown closer despite their rocky start and constant quarreling.

However, some people are not pleased with Ranma and Akane's engagement. A Chinese girl, Shampoo, is set on marrying Ranma, while he is also targeted by other men infatuated with Akane, who resort to anything to defeat him. Nevertheless, Ranma is determined to take on any challenger while navigating through his chaotic life with Akane.

[Written by MAL Rewrite]",Manga,"['Action', 'Comedy', 'Romance', 'Ecchi']",['Shounen'],1,76679,12,2025,fall,"[62, 474, 1003, 1430, 1856]",[569],7.74
61174,https://myanimelist.net/images/anime/1289/151136.webp,Sozai Saishuka no Isekai Ryokouki,"Living in constant monotone, Takeru Kamishiro longs for a change in his life. His wish is seemingly granted when a god reincarnates him in Madeus, a world trapped in a cycle of collapse. Hoping that Takeru's presence might finally save the world, the god grants him invaluable gifts: a new body with potent magic, a bottomless bag, and a skill that allows him to locate and appraise materials and treasures.

Thrust into a new adventure, Takeru begins his new life exploring freely and collecting valuables to sell. However, as he journeys alongside a newly hatched dragon, his quiet actions start to send ripples across the world—subtly changing its future toward the unseen.

[Written by MAL Rewrite]",Light novel,"['Adventure', 'Fantasy']",[],0,75346,12,2025,fall,"[79, 82, 1041, 1468, 1583, 1786, 2592]","[103, 118]",6.12
61276,https://myanimelist.net/images/anime/1732/153360.webp,"Mikata ga Yowasugite Hojo Mahou ni Tesshiteita Kyuutei Mahoushi, Tsuihou sarete Saikyou wo Mezasu","""This party doesn't need an incompetent magician who can only use supportive magic. You're fired, Alec Ygret.""

Suddenly, Alec, a court magician who had joined the crown prince's party to help him conquer dungeons—was banished from the party. And not just the party, but the crown prince's harassment has banished him from the royal palace as well, and a friend from the ""magic academy"" approached Alec, who was at his wit's end.

""Hey, Alec. Do you want to try to conquer the dungeon with us again?""

And so, together with the friends he used to party with, Alec begins his second journey in life. This is the adventure story of a former court magician who had been abandoned.

Four years ago, the ""Lasting Period,"" a party of four that had been called ""legendary,"" has gradually spread its name around the world.

(Source: Kodansha, translated)",Light novel,"['Action', 'Adventure', 'Fantasy']",[],0,74180,12,2025,fall,"[55, 159, 1422, 1468, 1600, 2741]",[2554],6.33
60531,https://myanimelist.net/images/anime/1257/152233.webp,Bukiyou na Senpai.,"Azusa Kannawa, ace of the publicity department, is known for her unmatched reliability. Her coworkers, on the other hand, find her no-nonsense demeanor intimidating. Yet, unbeknownst to them, a socially awkward woman hides underneath the facade, simply struggling with casual communication and masking it with a strong attitude. However, her mask begins to crack when a promising rookie, Yuu Kamegawa, joins the team and Azusa gets assigned as his mentor.

Determined to guide Kamegawa just like how her senior once trained her, Kannawa puts utmost effort into showing him the ropes. But as they grow closer, she slowly lowers her guard, gradually revealing that the seemingly rigid department ace might actually be far kinder than anyone initially thought.

[Written by MAL Rewrite]",Manga,"['Comedy', 'Romance']",['Seinen'],0,69698,12,2025,fall,"[58, 460, 517, 1211, 1344, 1551, 1680, 1986, 2074, 2751]",[1521],7.05
60162,https://myanimelist.net/images/anime/1264/152012.webp,Akujiki Reijou to Kyouketsu Koushaku,"Melphiera Marchalrayd, the daughter of a count, dedicates her time to researching the culinary possibilities of monster meat—a peculiar endeavor started by her late mother. By teaching the people of the Marchalrayd lands to prepare such exotic ingredients, Melphiera hopes to help stave off famine. Unfortunately, her unique tastes and intimate knowledge of monsters have led to her social isolation: few nobles interact with her willingly, disdainfully calling her the ""Voracious Villainess.""

When a monster attack erupts at a royal banquet—where Melphiera has been sent to find a husband—Aristide Rogier du Galbraith, the younger brother of the crown prince, leaps to her aid. Due to his terrifying skill in slaying monsters, Aristide has earned the title of ""Blood-Man Duke."" Charmed by Melphiera's fearlessness and intriguing culinary prowess, Aristide  soon declares his intent to propose.

Together, Melphiera and Aristide, high society's most eccentric couple, strive to see beyond the cruel rumors and encourage each other's fascination with monsters and the art of preparing them.

[Written by MAL Rewrite]",Web manga,"['Fantasy', 'Gourmet', 'Romance']",[],0,68442,12,2025,fall,"[145, 159, 166, 460, 1041, 1416, 1468, 1585]",[406],7.12
60254,https://myanimelist.net/images/anime/1388/152332.webp,Yano-kun no Futsuu no Hibi,"For as long as he can remember, the klutzy Tsuyoshi Yano has been prone to injury. Constantly showing up to school with fresh scrapes and bruises, he has long become accustomed to the pain and to the sight of his face covered in bandages. However, Yano's days begin to change for the better when he is transferred to a new class and meets Kiyoko Yoshida, the class president known for her reliability and kindheartedness.

Through Yoshida's efforts to learn more about him, Yano starts to experience the kind of high school life he has always wished for—one filled with laughter and camaraderie. Between casual conversations and countless small accidents, the two gradually grow closer, and their relationship may bloom into something more than just friendship.

[Written by MAL Rewrite]",Web manga,"['Comedy', 'Romance']",[],0,64589,12,2025,fall,"[166, 238, 460, 517, 1003, 1416, 1418, 1986, 2074, 2431, 2751, 3206]",[30],7.31
61930,https://myanimelist.net/images/anime/1120/152280.webp,Uma Musume: Cinderella Gray Part 2,"Ever since horse girl Oguri Cap left the small town of Kasamatsu to chase greater heights in Tokyo, she has rapidly gained attention with her remarkable results. Her goal to become the best horse girl in Japan seems within reach, but there is a rival in her way—another running prodigy named Tamamo Cross.

However, Tamamo is not the only threat to Oguri: several world-class racers from overseas are joining the Japan Cup, pushing the renowned race's competition to unprecedented levels. With the support from the people close to her and her intense desire to win, Oguri will do anything to conquer the Japan Cup and continue sprinting for the top.

[Written by MAL Rewrite]",Manga,"['Drama', 'Sports']",['Seinen'],1,63392,10,2025,fall,"[145, 1397, 1587, 2074, 2751]",[1893],8.68
57888,https://myanimelist.net/images/anime/1811/151799.webp,"Chichi wa Eiyuu, Haha wa Seirei, Musume no Watashi wa Tenseisha.","After a long time of absence, Tenbahl's hero, Rovel Vankreift, finally returns home from the Spirit Realm—alive—but forever changed. Ten years ago, after being grievously wounded due to a massive battle against a horde of monsters, he was saved by Origin, the Queen of Spirits. Through her intervention, Rovel was healed by becoming half-spirit, and soon after, the two were wed. From their union, Ellen was born, a brilliant child who inherited her mother's ethereal power and her father's enduring humanity.

In truth, Ellen's genius stems from memories of a past life in Japan, where she once lived as a devoted chemist. Using her extensive understanding of the periodic table and all elemental permutations, she commands the very building blocks of matter itself, turning anything into everything she desires. Unfortunately, this means that any revelation of her existence could easily draw the attention of those who may want to exploit her and undoubtedly upend the fragile balance between the human and spirit realms.

As Rovel resumes his duties as a noble, Ellen gradually becomes exposed to the dangers that lie ahead. With her growing powers attracting admiration and malice alike, the young reincarnator must learn what it truly means to be the child of two worlds and potentially be the catalyst toward uniting both.

[Written by MAL Rewrite]",Light novel,['Fantasy'],[],0,61938,12,2025,fall,"[29, 306, 323, 460, 1414, 1696]",[7],6.64
61159,https://myanimelist.net/images/anime/1455/152139.webp,Toujima Tanzaburou wa Kamen Rider ni Naritai,"Tanzaburou Toujima has spent his entire life chasing a dream: to become Kamen Rider. Now, at 40, reality has nearly caught up with him, and he's on the verge of letting go of his childhood fantasy.

That is, until he gets caught up in a crime wave led by the ""Fake Shocker"" gang—turning his long-time dream into something far more dangerous.

What starts as a pretend hero's journey quickly becomes something real. The ultimate Kamen Rider fantasy is about to begin!

(Source: MAL News)",Manga,"['Action', 'Comedy']",['Seinen'],0,61556,24,2025,fall,"[17, 719, 1211, 1468, 1653]",[839],7.81
60427,https://myanimelist.net/images/anime/1257/152352.webp,Gnosia,"Saddled with amnesia, Yuuri awakens on an interstellar cruiser drifting through space. Unfortunately, a lack of memories is the least of Yuuri's problems. Among the four other crew members is a Gnosia: a Gnos infectee whose goal is the eradication of humanity. The Gnosia appears human in all other respects, so the uninfected have little choice but to vote on whom they suspect to be the enemy, hoping to neutralize the Gnosia by putting them into cold sleep. If the Gnosia survives the vote, they will eliminate one crew member during the cruiser's following warp, when only the Gnosia remains conscious.

Voting quickly proves to be an unreliable strategy, and Yuuri is left one-on-one with the Gnosia. Just when all hope seems lost, time seemingly loops back to when Yuuri first awakened. With each time loop, however, conditions aboard the ship change—neither the size of the crew nor the members' identities remain constant. Trapped in both time and space, Yuuri must figure out how to escape the loops and save humanity from the Gnosia.

[Written by MAL Rewrite]",Game,"['Sci-Fi', 'Suspense']",[],0,51272,21,2025,fall,"[17, 166, 719, 1211, 1416]",[1380],7.86
61851,https://myanimelist.net/images/anime/1044/152103.webp,Isekai Quartet 3,Third season of Isekai Quartet.,Original,"['Comedy', 'Fantasy']",[],1,49413,11,2025,fall,"[306, 1696]",[443],7.44
61209,https://myanimelist.net/images/anime/1363/151886.webp,Kao ni Denai Kashiwada-san to Kao ni Deru Oota-kun,"Oota-kun wears his heart on his sleeve; his face reveals his every thought and emotion. In contrast, Kashiwada-san remains unreadable, as her expression never changes, no matter what happens. Bothered by Kashiwada-san's perpetual expressionlessness, Oota-kun makes it his mission to break through her calm exterior, pulling every prank and trick he can think of—from fake spiders to absurd text messages and everything in between—just to get a reaction.

As Oota-kun's relentless attempts fail to crack Kashiwada-san's perpetual poker face, their exchanges become the daily norm. Unbeknownst to him, however, his antics occasionally succeed in drawing out a subtle smile—not noticing that he has already cracked her defense since the beginning.

[Written by MAL Rewrite]",Web manga,"['Comedy', 'Romance']",[],0,48988,12,2025,fall,"[166, 460, 1113, 1211, 1412, 1416, 1696, 2228, 2840]",[2828],7.05
59484,https://myanimelist.net/images/anime/1618/151138.webp,Kikaijikake no Marie,"Wealthy, handsome, and successful, Arthur Louis Zetes is no stranger to the greed of people. Constantly doubting those around him, he has no faith in humanity; thus, he makes a request for the perfect maid—a robot maid. However, his butler is unable to acquire such a servant due to technological limitations, so he finds the next best substitute.

Marie Evans is a former child prodigy in martial arts known for her lack of expression. Drowning in debt, she readily accepts the offer to be a maid that acts like a robot. While Arthur is often blunt towards humans, he cannot help but dote on his personal robot; in turn, Marie is moved by his drive and consideration toward her.

[Written by MAL Rewrite]",Manga,"['Comedy', 'Romance']",['Shoujo'],0,46433,12,2025,fall,"[62, 144, 148, 460, 843, 1401, 1492, 1651, 3211]","[1379, 2527]",6.92
58515,https://myanimelist.net/images/anime/1593/155372.webp,Kekkon Yubiwa Monogatari II,Second season of Kekkon Yubiwa Monogatari.,Manga,"['Action', 'Fantasy', 'Romance', 'Ecchi']",['Seinen'],1,46237,13,2025,fall,"[58, 141, 144, 238, 460, 719, 1333, 1416, 1883, 2228]",[2405],6.46
54757,https://myanimelist.net/images/anime/1823/154120.webp,3-nen Z-gumi Ginpachi-sensei,"Class 3-Z of Gintama High School—led by teacher Ginpachi Sakata—is known for its eccentric students who have a difficult time with their studies. Moreover, Ginpachi and his students often run into trouble with the school's demanding principal and the class' feared delinquents, who have returned from a suspension.

Despite all the chaos and Ginpachi's idle attitude toward teaching, his students still dearly respect him. Although constantly derailed from their studies, Ginpachi and his zany class always find a way to keep their school days entertaining.

[Written by MAL Rewrite]",Light novel,['Comedy'],['Shounen'],0,45723,12,2025,fall,"[16, 17, 53, 643, 1365, 1406]",[1258],7.65
58146,https://myanimelist.net/images/anime/1347/150603.webp,Tensei Akujo no Kuro Rekishi,"Konoha Satou has a dark history. After all, she spent her teen years writing self-indulgent fantasy romance fics-like her Dark History. But since she's become its most despicable villainess, remembering every last detail is now a matter of life-and-death. Having avoided the first couple of death flags, Satou's suddenly left in the dark when a mysterious stranger returns from the Lily Kingdom-a character she doesn't recall writing in the original script. Although Yomi claims to be her ally, can Satou really trust a character she knows nothing about in such a dangerous world?

(Source: Yen Press)",Manga,"['Comedy', 'Fantasy', 'Romance']",['Shoujo'],0,44860,12,2025,fall,"[16, 82, 148, 213, 460, 1185, 1416, 1590, 2999, 3063]",[37],6.73
60969,https://myanimelist.net/images/anime/1475/152176.webp,Taiyou yori mo Mabushii Hoshi,"Sae Iwata was never cute or dainty like the other girls, and due to her build and strength, she always felt the need to look after her delicate childhood friend and crush, Kouki Kamishiro. But as years passed, Kouki grew taller and more confident, which resulted in them drifting apart.

Toward the end of middle school, Sae reconnects with Kouki. Seeing that Kouki is still the sweet boy she once knew, she realizes that her dormant feelings for him have resurfaced. She tries her best to suppress her emotions—but it becomes even more difficult as, come high school, they end up in the same class. Ignoring her deepening feelings may seem like a fool's errand, but this boy that shines brighter than the sun may just prove to be her destiny.

[Written by MAL Rewrite]",Manga,['Romance'],['Shoujo'],0,42817,12,2025,fall,"[145, 166, 315, 1397, 1585, 1986, 1996, 2111]",[1997],7.33
61142,https://myanimelist.net/images/anime/1025/150482.webp,Sawaranaide Kotesashi-kun,"Seiwa University High School is renowned for its elite athletes and national-level sports teams. Despite not playing any sports himself, Kouyou Kotesashi enters the school hoping to become a sports doctor and accepts a live-in position as a dormitory's caretaker. Upon his arrival, Kotesashi learns that the dorm is also home to five skilled female athletes: Aroma Kusunoki, Miyuki Hongou, Izumi Sumiyoshi, Chiyo Sayamagaoka, and Aoba Kitahara.

Although faced with skepticism, Kotesashi quickly proves his worth by using his vast knowledge of the human body and massage techniques. With a single touch, he identifies what is troubling each of the girls and helps them recover properly. When the chairman promises him a scholarship if he takes care of the girls' well-being, Kotesashi is determined to ensure that they stay in top shape.

[Written by MAL Rewrite]",Web manga,"['Sports', 'Ecchi']",[],0,42244,12,2025,fall,"[2640, 2892, 3112]",[2314],6.13
59623,https://myanimelist.net/images/anime/1104/151524.webp,Wandance,"As Kaboku ""Kabo"" Kotani enrolls in Ichiran High School, he hopes to spend his high school days quietly to avoid standing out from everyone else because of his stuttering. While his friends join the school's basketball club, he looks to the dance club instead. However, due to an embarrassing memory from middle school, Koba has avoided dancing in front of others again, keeping him from joining the club.

Things begin to change when Kabo spots his cute classmate Hikari Wanda dancing. As the two learn about each other, Wanda admits that she is not great with words either and prefers to express herself with her performances. This sparks a light in Kabo, and he decides to join the dance club despite his uncomfortable past. With Wanda and his new clubmates supporting him, Kabo sets out to improve his dancing, express himself freely, and create unforgettable memories one step at a time.

[Written by MAL Rewrite]",Manga,['Sports'],['Seinen'],0,41192,12,2025,fall,"[55, 159, 517, 1294, 3216]","[11, 1099]",6.98
60933,https://myanimelist.net/images/anime/1888/151887.webp,Chanto Suenai Kyuuketsuki-chan,"In the city of Kashinokidai, where humans coexist with other beings, one individual stands out even among this diversity. Transfer student Luna Ishikawa, a vampire with a cool and mysterious aura, captivates her classmates and gains instant popularity.

Tatsuta Ootori, an otherwise unremarkable boy, believes that Ishikawa is far beyond his reach. However, when the two are paired for cleaning duty, Ootori discovers that beneath Luna's composed exterior lies an ironic secret. She cannot properly suck blood, forcing her to eat snacks to hide her weakness—but no amount ever seems to satisfy her.

Determined to help Luna master the very skill that defines her kind, Tatsuta offers himself as her practice partner. Through trial, error, and multiple bandages, their unassuming high school days take on a peculiar warmth—one where Luna no longer needs to act flawlessly and can simply be her natural, adorably awkward self.

[Written by MAL Rewrite]",Manga,"['Comedy', 'Fantasy']",['Shounen'],0,39195,12,2025,fall,"[104, 238, 460, 719, 1211, 1412, 1583, 1696, 1986, 2185, 2425, 2751]",[91],6.86
60765,https://myanimelist.net/images/anime/1810/153334.webp,Kimi to Koete Koi ni Naru,"When high schooler Mari bumps into a fellow tardy student, she's surprised to find out he's a beastfolk who's to attend her school! After all, it's not rare for beastfolk to coexist alongside humans, but it's still uncommon, with the prejudice and all. Nervous to meet one at first, Mari soon learns there's more to him than his furry exterior. In fact, the more she gets to know him, the more she finds herself drawn to him, his steadfastness, his kindheartedness, and... his body...

(Source: Yen Press)",Web manga,"['Fantasy', 'Romance']",[],0,38719,12,2025,fall,"[719, 1365, 3103, 3156]",[1237],7.14
61517,https://myanimelist.net/images/anime/1282/151476.webp,Kingdom 6th Season,"In ancient China, during the Warring States period, a former servant named Xin rises through the ranks with a dream: to become the greatest general under the heavens. Fighting alongside King Ying Zheng of Qin—who seeks to unify China and end the chaos—Xin leads his own unit, the Fei Xin Force, onto the battlefield.

With power reclaimed from the influential Chancellor Buwei Lü, King Ying Zheng begins laying the groundwork for a new, unified legal state with the support of key allies like strategist Changping Jun and legalist Li Si.

As Qin launches a campaign to seize new territory from the state of Zhao, their advance is halted by the brilliant strategist, Li Mu. In response, Changping Jun devises a bold plan: to bypass Zhao's defenses and strike at the key city of Gyou, near Zhao's capital.

To carry out this risky maneuver, a powerful coalition army is formed—led by the tacticians Ou Sen (Wang Jian), Kan Ki (Huan Yi), and the warrior queen Yo Tan Wa (Yang Duanhe). Joining them are the next generation of Qin commanders: Xin's Fei Xin Force, Mou Ten (Meng Tian)'s Gaku Ka Unit, and Ou Hon (Wang Ben)'s Gyoku Hou Unit, each operating independently.

The fierce battle for Gyou begins, as the future of Qin's unification hangs in the balance.

(Source: MAL News)",Manga,['Action'],['Seinen'],1,38026,13,2025,fall,"[1284, 1365, 1797]","[1, 1998]",8.67
61773,https://myanimelist.net/images/anime/1148/150376.webp,Let's Play: Quest-darake no My Life,"Through her college years, Sam Young devoted hours upon hours to developing her adventure puzzle game, Ruminate. Despite being very ill as a child, Sam aspires to become a true game developer. But when her favorite gaming streamer, Marshall Law, tests the game, he horribly misunderstands it and declares it the worst game he has ever played. As a result, his fans bombard Sam's game with negative reviews, jeopardizing her dreams.

To make matters worse, Marshall moves in as Sam's new neighbor, unaware that she is the developer he so harshly criticized. Although he appears caring and kind, she struggles to befriend him. Before she can develop her second game, Evermake, Sam must first figure out a way to repair her ruined reputation.

[Written by MAL Rewrite]",Other,"['Drama', 'Romance']",[],0,33025,12,2025,fall,"[169, 460, 735, 769, 1412, 1468, 1499, 1556, 1563]",[28],6.76
58772,https://myanimelist.net/images/anime/1619/151364.webp,Kakuriyo no Yadomeshi Ni,Second season of Kakuriyo no Yadomeshi.,Light novel,"['Drama', 'Fantasy', 'Gourmet', 'Romance']",[],1,30676,12,2025,fall,"[464, 719, 1468, 1612]","[3, 2622]",6.84
60781,https://myanimelist.net/images/anime/1631/153644.webp,Alma-chan wa Kazoku ni Naritai,"The Apotheosis Loyal Maneuver Arms—Alma—is the flagship prototype of Enji Kamisato and Suzume Yobane, two gifted researchers disillusioned by the arrogance of their peers. Although designed for combat, Alma's daily life ironically unfolds far from any battlefield, as she is fine-tuned for ordinary society. Nevertheless, within the modest household she shares with her creators-turned-parents, she learns the subtleties of being human little by little.

Meanwhile, Enji and Suzume, as self-proclaimed rivals, remain oblivious to how transparent their affection for each other truly is. Alma, observing their every exchange with methodical precision, is hardly deceived. As the pair continue their quarrels under the guise of research, Alma adapts to the rhythm of a homely life—finding comfort in the everyday shenanigans that make them a family.

[Written by MAL Rewrite]",Web manga,"['Comedy', 'Romance', 'Sci-Fi']",[],0,30250,11,2025,fall,"[104, 238, 1355, 1604, 1696, 2185, 2425, 2545, 2640]",[1693],7.09
57859,https://myanimelist.net/images/anime/1617/151874.webp,Egao no Taenai Shokuba desu.,"New shoujo manga artist Nana Futami works hard every day while being supported by Kaede Satou, her female editor who is older than her, and Mizuki Hazama, her assistant. According to the girl herself, she sometimes drums up intense daydream delusions of occupational illness! A working girls comedy set in the entertainment industry, brought to you by an author who always draws various girls.

(Source: Kodansha, translated)",Web manga,['Comedy'],[],0,26492,13,2025,fall,"[144, 238, 460, 1041, 1211, 1817, 1986, 2185, 2751, 3224]",[2698],7.47
61269,https://myanimelist.net/images/anime/1776/151242.webp,Digimon Beatbreak,"Tomorou Tenma possesses a uniquely strong e-Pulse—the energy created by human thoughts and emotions that powers egg-shaped AI devices named Sapotama. The world's everyday life relies on the assistance of Sapotamas, but the force of Tomorou's e-Pulse often causes glitches in them. One night, a strange creature calling itself Gekkoumon emerges from his device and insists on eating Tomorou's e-Pulse.

Gekkoumon is a Digimon, a creature feeding on e-Pulse that was born from an error in Sapotamas. Some Digimon completely drain humans of their energy, leaving them in a comatose state known as Cold Heart. When Tomorou's older brother, Asuka, becomes a victim of this phenomenon, Tomorou vows to avenge him.

Tomorou meets a group of Digimon-wielders called Glowing Dawn, who hunt down rogue Digimon for bounties. Their leader, Kyou Sawashiro, explains that there might still be hope for Asuka's recovery. Although Tomorou struggles to trust these strangers, he decides to join them, as he realizes that saving his brother may not be achievable on his own.

[Written by MAL Rewrite]",Other,"['Action', 'Fantasy', 'Sci-Fi']",[],0,25614,0,2025,fall,"[127, 169, 1761]",[18],7.18
61072,https://myanimelist.net/images/anime/1681/151599.webp,Shuumatsu Touring,"All alone after the end of days, two girls bike through the empty ruins of Japan—and they're not about to let the collapse of civilization get in the way of sightseeing! Even when the world ends, their journey goes on.

(Source: Yen Press)",Manga,"['Adventure', 'Sci-Fi', 'Slice of Life']",['Seinen'],0,23194,12,2025,fall,"[17, 76, 306, 1211, 1261, 1416, 1554, 1696]",[852],6.78
56877,https://myanimelist.net/images/anime/1078/151796.webp,Ao no Orchestra Season 2,"Following the regular summer concert and retirement of the third-year members, Umimaku High School's Orchestra Club shifts its efforts to the upcoming national competition with a refreshed line-up focusing on the second-year members.

Amidst the cacophony produced by the inconsistent motivation levels and understanding of their repertoire, the orchestra club members struggle to achieve their ideal sound...",Web manga,['Drama'],[],1,17439,21,2025,fall,"[111, 1797]",[22],7.52
62144,https://myanimelist.net/images/anime/1311/151227.webp,"Potion, Wagami wo Tasukeru","Kaede Yakumo, an ordinary 17-year-old high school girl, unexpectedly wakes up in another world with only her backpack alongside her. After aimlessly wandering around trying to understand her whereabouts, Kaede gives up and decides to look for anything useful in her belongings, which leads her to discover an unfamiliar book. Inside, the book lists recipes for producing potions using a simple command word, ""create,"" and a note telling her to think of this new experience as a game.

With a clear path laid out in front of her, Kaede vows to use the potions she crafts for her survival—and hopefully find the person who unfairly transported her to this world in order to return home.

[Written by MAL Rewrite]",Light novel,['Fantasy'],[],0,17226,12,2025,fall,"[315, 1211, 1549, 1996]","[2844, 2983]",6.43
57189,https://myanimelist.net/images/anime/1669/151736.webp,Debu to Love to Ayamachi to!,"""This is the punishment for a fat, ugly girl like me falling in love with someone as beautiful as you..."" Yumeko had a mountain of complexes about herself. Then, a terrible accident befalls her. Though somehow saved from the brink of death, Yumeko wakes up a completely different person. ""This is...me...?! I'm SO cute!!"" Those around her can't hide their surprise and wonderment at this 180°change... But, Yumeko's new hyper-positive attitude starts to change her surroundings, too. Worries and complexes can affect anyone, and Yumeko will chop right through those of her various supporting characters!! In love, work, friendship... And an attempted murder case?! This frenzied romantic comedy will leave you bubbling with energy!

(Source: Solmare Publishing)",Web manga,"['Comedy', 'Romance']",['Shoujo'],0,16998,12,2025,fall,"[109, 719, 843, 1011, 1211, 1344, 1500, 1604, 1817, 1986, 2071, 2228, 3225]",[553],6.68
61067,https://myanimelist.net/images/anime/1296/152147.webp,Ninja to Gokudou,"Since ancient times, the ninja and the yakuza have been at war, spilling blood around the world as empires rise and fall. So when, in the modern age, Shinoha, a ninja, meets Kiwami, a gangster following the path of the yakuza—the gokudo—and discovers they have common interests, the obvious assumption is that nothing good can come of it. But can it be that one burgeoning bromance will shake up a 300-year grudge?

Who will win the struggle for real ultimate power?

(Source: Kodansha USA)",Web manga,['Action'],[],0,16223,12,2025,fall,"[159, 306, 1003, 1418, 1899, 3106]",[37],6.42
60378,https://myanimelist.net/images/anime/1736/152179.webp,Shabake,"In the Edo period, Ichitarou, the young heir to a large apothecary shop, has always been stuck in his room due to his weak constitution. As unpleasant rumors about his condition surround him, his grandfather prays for a god to send spirits that will protect the sickly boy. These two guardians, Sasuke and Nikichi, will remain by Ichitarou's side for life and safeguard his health.

As years pass, Ichitarou leaves his room more often, wanting to be helpful and ignoring those who insist that he keep resting instead. One day, Ichitarou sneaks outside without his guardians and ends up staying out until nightfall. On his way home, a bloody man suddenly begins chasing him! The quick-witted Ichitarou is able to escape and discovers the brutal murder scene.

The next day, Ichitarou hears about the murder, but there is something odd about the story—the victim had a different mortal wound from what he saw. With the murderer still at large, Ichitarou continues to gather more details about the peculiar case from humans and spirits alike, which might just lead him to unravel the mystery.

[Written by MAL Rewrite]",Novel,"['Drama', 'Mystery', 'Supernatural']",[],0,14794,13,2025,fall,"[17, 53, 166, 169, 719, 1550, 2425]",[1258],6.51
62428,https://myanimelist.net/images/anime/1889/151926.webp,Heika Watashi wo Wasurete Kudasai,"Lunia, the eldest daughter of Count Persephone, has been mistreated and cast aside by her family. One day, a letter arrives declaring that she has been chosen to marry Hades Khronoa, the duke of the Khronoa family. Although they are known as the Lords of Death and the Empire's watchdogs, Lunia humbly accepts, relieved to finally escape her father's house.

However, when she arrives at her new home, Hades refuses to love or touch her. Lunia at first agrees, but she worries about her new husband's safety. The Khronoa family heads, though powerful, are cursed to go mad or die by the age of thirty unless they conceive a child with a bride chosen by God. Priests of the empire, worried that the nation will fall should Hades die, pressures Luna into drugging him.

Seven years later, after fleeing the duke's mansion, Lunia is secretly raising her twin sons, Uranus and Helios, in a neighboring country. On the night of their conception, she had a vision of them fighting under the Khronoa family crest, fearing that they will hate each other under the power of the cursed Khronoa bloodline. Despite her concealment, Hades eventually finds her, demanding answers about why she saved him and why she ran away.

[Written by MAL Rewrite]",Manga,"['Fantasy', 'Romance']",[],0,11314,12,2025,fall,[1882],"[2844, 2983]",5.67
62126,https://myanimelist.net/images/anime/1421/154342.webp,SI-VIS: The Sound of Heroes,"SI-VIS is a co-ed music group, led by Yosuke, shaking up the global music scene with their unmatched vocals and performances. However, they are actually heroes in disguise, battling against mysterious forces threatening the world. They convert audience energy at live performances into combat power. Luckily, the battles appear to be ordinary concerts to the public, keeping their identity a secret.

(Source: Crunchyroll)",Original,['Action'],[],0,9426,24,2025,fall,"[17, 169, 213, 757, 1468]",[1244],6.36
62378,https://myanimelist.net/images/anime/1333/151768.webp,Ganglion,"Early 2000s Tokyo. Isobe, a combatant for the evil corporation Ganglion, spends his days on the battlefield. Whether it's the ""Tokyo Cedar Pollen Operation"" or the ""Mount Fuji Demolition Plan,"" he faces off in nothing but a bodysuit, only to be crushed by the hero Hopeman time and again. As he struggles under unreasonable bosses during the dawn of compliance, his story unfolds—a workplace drama dedicated to all who work, following the bittersweet life of a salaryman soldier.

(Source: MAL News)",Manga,"['Action', 'Comedy']",[],0,8704,24,2025,fall,"[238, 1820, 2640, 3206, 3218]",[3186],6.44
62066,https://myanimelist.net/images/anime/1090/151875.webp,Monster Strike: Deadverse Reloaded,"Rinne is a girl who cannot see other people's faces. Born into a family whose job it is to exorcise supernatural beings, she sets out on her first mission, but encounters an enemy far more bizarre than she expected. She finds herself in danger.

After being rescued by a mysterious man named Jugemu, Rinne learns that all worlds, including the one she lives in, known as ""Strike Worlds,"" are under threat. As she travels with Jugemu through a number of worlds that are coming to an end, she forms bonds with him...

(Source: Official Site)",Game,"['Action', 'Fantasy']",[],0,5441,10,2025,fall,"[306, 1406, 1966, 2681]",[96],5.84
61184,https://myanimelist.net/images/anime/1614/153337.webp,Nohara Hiroshi: Hiru Meshi no Ryuugi,"This series follows Hiroshi Nohara's ultimate lunchtime philosophy, as he carefully selects and enjoys his midday meals within the constraints of a limited budget and break time.

But it's not just about savoring food—Hiroshi delves into cooking trivia, preparation methods, and the everyday dilemmas of a salaryman. From debating whether to treat his juniors to lunch, to finding quick meals between sales meetings, and even venting about his boss, the series is packed with relatable moments for working professionals.

(Source: MAL News)",Manga,"['Comedy', 'Gourmet']",[],0,4339,12,2025,fall,"[55, 247, 1377, 2118, 2185, 2424]",[276],6.71
62496,https://myanimelist.net/images/anime/1279/154187.webp,2200-nen Neko no Kuni Nippon,"Takes place in the year 2200, where Japan has become a land of cats as the human population's birth rate has declined. In this future world, cats can talk, learn, and work. The story follows a high school girl and her argumentative cat.

(Source: ANN)",4-koma manga,"['Sci-Fi', 'Slice of Life']",[],0,2141,12,2025,fall,[],"[2844, 2983]",5.66
62522,https://myanimelist.net/images/anime/1657/152125.webp,Chou Futsuu Mahou Shoujo Asumi Toruverse,"Mito Hamajoh, a second-year middle school student living in Chiba City, has always struggled with being ""normal."" Then, just before summer vacation, a mysterious transfer student, Asumi Chishiro, who dares to say, ""I'm not interested in normal things,"" arrives.

(Source: X, translated)",Original,['Comedy'],[],1,1745,13,2025,fall,[61],[2080],
60551,https://myanimelist.net/images/anime/1223/151728.webp,Hyakushou Kizoku 3rd Season,Third season of Hyakushou Kizoku.,Manga,['Comedy'],['Shoujo'],1,1717,12,2025,fall,[],[1229],6.83
54160,https://myanimelist.net/images/anime/1424/151473.webp,Future Kid Takara,"Future Kid Takara will be an action-packed, family-oriented film set in a dystopian future. The adventure story will feature a girl named Sara who is time warped into the year 2100, where she and the protagonist Takara try to navigate a world ravaged by the effects of global warming. Title and story subject to change

(Source: Kickstarter)",Original,['Drama'],[],0,1246,11,2025,fall,[],[13],
62643,https://myanimelist.net/images/anime/1684/154189.webp,Anila to Cocora,"Centers on sea otter brothers Anila and Cocora, who live at a certain aquarium. Anila is the older brother who is cool, but also has a naive side. The younger brother Cocora is a passionate otter who adores his older brother.

(Source: ANN)",Original,['Slice of Life'],[],0,1241,13,2025,fall,"[1077, 3307]",[432],5.46
62682,https://myanimelist.net/images/anime/1508/152511.webp,Sawaranaide Kotesashi-kun Mini Anime Gekijou,A weekly mini anime shown with each episode of Sawaranaide Kotesashi-kun exclusively on the AT-X broadcast of the TV anime and online on OceanVeil.,Web manga,['Comedy'],[],0,736,12,2025,fall,[],[],5.73
60983,https://myanimelist.net/images/anime/1191/151082.webp,Kagaku x Bouken Survival! 2nd Season,Second season of Kagaku x Bouken Survival!.,Manga,"['Action', 'Comedy']",['Shounen'],1,589,19,2025,fall,[],[36],
62268,https://myanimelist.net/images/anime/1334/151528.webp,Chikyuu no Latair,,Picture book,[],[],0,409,5,2025,fall,[2174],[3197],
62231,https://myanimelist.net/images/anime/1017/151409.webp,Jochum Season 2,Second season of Jochum.,Original,['Slice of Life'],[],1,360,24,2025,fall,[150],[866],
61924,https://myanimelist.net/images/anime/1336/152128.webp,Muzik Tiger In the Forest 2nd Season,Second season of Muzik Tiger In the Forest.,Other,['Slice of Life'],[],1,356,17,2025,fall,[],[2705],
61922,https://myanimelist.net/images/anime/1958/152020.webp,Shibuya♡Hachi Part 4,Part 4 of Shibuya♡Hachi.,Other,['Comedy'],[],1,348,12,2025,fall,"[717, 1344]",[22],
62523,https://myanimelist.net/images/anime/1745/152126.webp,Uso Tantei Tomanto,"The ""authentic mystery"" story follows Tomanto and friends as they solve mysteries using vegetable and fruit trivia.

(Source: ANN)",Other,['Mystery'],[],0,337,26,2025,fall,[261],[866],
62654,https://myanimelist.net/images/anime/1153/152436.webp,Princess Catch! Tiniping,Sixth season of Catch! Tiniping.,Original,[],[],1,331,26,2025,fall,[],[2541],
62447,https://myanimelist.net/images/anime/1788/151966.webp,Bugchon 5-lagil Ssangdungine,,Original,['Comedy'],[],0,254,0,2025,fall,[],[3217],
62561,https://myanimelist.net/images/anime/1543/152209.webp,Koikeya SDGs Gekijou Suss to Tina Season 6,Sixth season of Koikeya SDGs Gekijou Suss to Tina.,Original,"['Action', 'Comedy']",[],1,228,13,2025,fall,[],[3205],
62504,https://myanimelist.net/images/anime/1126/152091.webp,Sylvanian Families: Freya no Wonder Days,,Other,['Slice of Life'],['Kids'],1,223,12,2025,fall,[],[563],
62915,https://myanimelist.net/images/anime/1962/153512.webp,Sorotani no Keibatchi Season 3,Third season of Sorotani no Keibatchi.,Original,"['Comedy', 'Sports']",[],1,185,4,2025,fall,[],[276],
63093,https://myanimelist.net/images/anime/1907/154236.webp,Wo De Nazha Yu Bianxing Jingang,,Other,"['Action', 'Fantasy', 'Sci-Fi']",['Kids'],0,167,52,2025,fall,[],[],
62664,https://myanimelist.net/images/anime/1422/152461.webp,Xiong Chumo: Shenqi Baowu,,Original,"['Adventure', 'Fantasy']",['Kids'],1,153,52,2025,fall,[],[2611],
62680,https://myanimelist.net/images/anime/1108/152498.webp,Dinoster: Gonglyongsuhodae 3rd Season,Third season of Dinoster: Gonglyongsuhodae.,Original,"['Comedy', 'Sci-Fi']",['Kids'],1,145,26,2025,fall,[],[],
62875,https://myanimelist.net/images/anime/1151/153163.webp,Naui Bimilchingu Haechi,,Original,"['Comedy', 'Fantasy']",['Kids'],0,126,0,2025,fall,[],[],
